,0
STAT1 AFFX-HUMISGF3A/M97935_5_at,0.5018015344478016
STAT1 AFFX-HUMISGF3A/M97935_MB_at,0.4896785976457703
STAT1 AFFX-HUMISGF3A/M97935_3_at,0.48780044064078687
STAT1 AFFX-HUMISGF3A/M97935_MA_at,0.45492700486475074
PTPN22 208011_at,0.27430389112044057
IRAK2 1553739_at,0.2557496793444173
IL23R 1561853_a_at,0.254713986302361
IL21 221271_at,0.2376831018897885
CHRM3 1559634_at,0.23276174458975118
MPO 203948_s_at,0.2300433305089503
CXCL2 1569203_at,0.22872474275929225
IL10 207433_at,0.22630027290043636
NFKB2 211524_at,0.22373887449543312
IL22 221165_s_at,0.21182487487332113
XCL1 206365_at,0.2035527988385861
IL4 207539_s_at,0.20245261409931384
IRAK2 1553740_a_at,0.19875953299818794
CIITA 210925_at,0.19509267340713385
IL36B 224230_at,0.19239346752216785
ACE 209749_s_at,0.1884315264996541
IL23R 1552912_a_at,0.18804537562238563
SOCS3 214105_at,0.18699821415653098
MTHFR 206800_at,0.1858671501049241
MTHFR 217070_at,0.1844742368652279
IL17RD 229263_at,0.18441457948237097
MPO 203949_at,0.18339470120262452
FOXP3 224211_at,0.18236399499186223
RORC 206419_at,0.18004233882974865
IL12RB1 239522_at,0.17840262134451162
FCGR2A 1565673_at,0.176362930434432
TRAF6 205558_at,0.1757170670751474
VDR 204253_s_at,0.17436271019871227
FOXP3 221334_s_at,0.1724221839330948
SOCS3 206359_at,0.17101563954251475
KLRD1 207796_x_at,0.17096494421339065
ITGAX 1563003_at,0.17078025502567926
PTPN22 208010_s_at,0.17066916309240976
IL17RA 228685_at,0.1702081267701724
VEGFA 210513_s_at,0.17009950888768166
CD86 210895_s_at,0.1692083481596662
JAK2 205841_at,0.169033309424131
IKBKB 211027_s_at,0.16848260211398355
CD86 205685_at,0.16838054507066752
RELA 209878_s_at,0.1682497325486834
IL17RC 64440_at,0.16824944992940513
IL12RB1 206890_at,0.16753214889511886
TNFRSF11B 204933_s_at,0.1674442325248589
IL17RA 229101_at,0.16699627995486682
TNFRSF11A 207037_at,0.1664425727762281
BIN2 219191_s_at,0.16608422290179603
TNFAIP3 202643_s_at,0.16606643144008518
CCHCR1 37425_g_at,0.16589191256252875
VDR 213692_s_at,0.16574601326608976
IL17RC 224514_x_at,0.16559803539952772
CD4 203547_at,0.16558242829856695
TNFRSF11A 238846_at,0.1655124831986462
MAP3K7 206853_s_at,0.1652104117846666
TAP2 204770_at,0.16464724450812548
TRAF3IP2 202987_at,0.1646405522312553
MTHFR 239035_at,0.1641591972849854
IFIH1 216020_at,0.16391893427676077
TNFRSF11B 204932_at,0.16371992516174702
MAP3K7 211536_x_at,0.16357242893642365
IFNGR2 201642_at,0.16354787628890766
KLRD1 207795_s_at,0.16343124299306205
CHUK 209666_s_at,0.16322271602566849
CHRM3 1559633_a_at,0.16321413604647958
CARD14 1555308_at,0.16298541327475446
MAP3K7 211537_x_at,0.16282952651316332
TNFAIP3 202644_s_at,0.16282614147633045
ERAP1 209788_s_at,0.16273090024705672
CXXC5 222996_s_at,0.1625859303899332
RELA 201783_s_at,0.16239591020137828
IL17RD 227997_at,0.16238837157296138
JAK2 205842_s_at,0.16211596850604418
REL 206035_at,0.1620392843158366
HIF1A 200989_at,0.16171069739570085
NFKB1 209239_at,0.16139222774000073
HLA-C 216526_x_at,0.16112671713008453
AHR 202820_at,0.16109207164194922
TLR4 1552798_a_at,0.1610677113402238
IKBKB 209341_s_at,0.16100550589984344
CXXC5 233955_x_at,0.1609354101676496
B2M 201891_s_at,0.16088299391794725
VEGFA 210512_s_at,0.16086032535753975
CCHCR1 37424_at,0.16085449180327455
CXXC5 224516_s_at,0.16074522437877783
KRT10 213287_s_at,0.1606334440998411
HLA-C 214459_x_at,0.1604649853786838
HLA-DRB1 /// HLA-DRB1 208306_x_at,0.16040941586404245
TNIP1 207196_s_at,0.16033714784544403
ERAP1 209701_at,0.16033491127872684
MAP3K7 206854_s_at,0.1603266217537621
IFNLR1 244261_at,0.160280429526769
HLA-C 208812_x_at,0.1602271628587868
IL17RA 205707_at,0.1601163388487357
IL10RB 209575_at,0.16003724894646432
PSORS1C1 220362_at,0.16002702140400962
TNF 207113_s_at,0.16000721664013542
CD86 205686_s_at,0.16000695953966892
JAK2 1562031_at,0.15999521279075415
CCHCR1 42361_g_at,0.15991872895311954
IL17RE 229401_at,0.15982932698523195
NFKBIA 201502_s_at,0.15972316285368257
KRT10 207023_x_at,0.15958104640618315
KRT10 210633_x_at,0.1593944220039839
HLA-A 213932_x_at,0.15938306466515947
TLR4 232068_s_at,0.15936501646277035
HLA-A 215313_x_at,0.15916631538786738
VDR 204255_s_at,0.15915731899286775
TRAF3IP2 215411_s_at,0.1590882547945338
AQP3 39248_at,0.15905174203408654
IKBKB 209342_s_at,0.15904950790064593
CD3G 206804_at,0.15893510486699478
NFKBIZ 223218_s_at,0.15866204994537894
IL2RG 204116_at,0.15849189601329097
HLA-B 209140_x_at,0.15831565904137165
TLR4 224341_x_at,0.15820174396263062
HLA-DPA1 211990_at,0.15817683364713397
ERAP1 214034_at,0.158068026922734
KRT14 209351_at,0.15799677092595246
REL 235242_at,0.1578119156490501
VDR 204254_s_at,0.15778409193892454
TAP2 225973_at,0.15755395496677388
KRT1 205900_at,0.15741781387677806
TYK2 205546_s_at,0.15729036039391353
REL 228812_at,0.15724183738238498
B2M 232311_at,0.15716670861892776
TRAF6 227264_at,0.15709236170671886
KLF4 221841_s_at,0.1570416910798621
ITGAX 210184_at,0.1569835246699769
IL17RA 229295_at,0.1568750841842005
CIITA 205101_at,0.15667966773734074
HLA-C 211799_x_at,0.15667676066715217
TLR2 204924_at,0.1565606407110153
STAT3 208991_at,0.15644694660666042
BSG 208677_s_at,0.15622534029816734
B2M 216231_s_at,0.15616787717693537
IL22RA1 220056_at,0.15604387217597204
FOXP3 221333_at,0.1558807230734045
DEFB1 210397_at,0.15587570548586352
KLF4 220266_s_at,0.15573240218917098
MYD88 209124_at,0.15546360425968656
VEGFA 212171_x_at,0.15539154025850654
MIR21 /// VMP1 220990_s_at,0.1552957564894835
NFKB2 207535_s_at,0.15525223478878164
STAT1 200887_s_at,0.1550138731973748
STAT3 225289_at,0.1550087948620185
PLEK 203471_s_at,0.15484518644883608
CCR6 206983_at,0.1547797215647714
NFKB2 209636_at,0.15468837809318933
CD83 204440_at,0.15380863917016988
IL18 206295_at,0.1535921621547797
IL17RB 224361_s_at,0.15357973253898657
CCHCR1 209698_at,0.15355784098604797
ERAP1 210385_s_at,0.1534567541980457
TAP1 202307_s_at,0.15335044220199823
MTHFR 226929_at,0.15305553874093328
CD4 216424_at,0.15303494321593972
NLRC5 226474_at,0.1528807670887148
HLA-B 211911_x_at,0.15278941133062676
IL17RB 224156_x_at,0.1523081792458134
PRSS8 202525_at,0.1518877992100385
CARD14 220599_s_at,0.15185644830212355
HLA-DPA1 211991_s_at,0.15182416341026625
JUP /// KRT17 212236_x_at,0.1518094707871057
VNN3 1553513_at,0.1516480182980552
NFKBIA 231699_at,0.1515769242371324
KLRD1 210606_x_at,0.15145212954005266
VEGFA 211527_x_at,0.1513761924863654
HLA-DPB1 201137_s_at,0.15130603407149998
FLG 215704_at,0.15095292006493616
CAMP 210244_at,0.1509104835536265
HLA-B 208729_x_at,0.15086017680902716
FCGR2A 203561_at,0.15078641819688368
STAT3 243213_at,0.150672386339319
IL33 209821_at,0.1506706601711101
IL12RB1 1552584_at,0.1505564059810706
IRF1 202531_at,0.15055020426989732
CCL5 204655_at,0.1505395303118991
KRT6B 213680_at,0.15043746969377597
LYZ 213975_s_at,0.15035161663681626
REL 239486_at,0.15033543596543839
ICOS 210439_at,0.14995131848348567
HLA-DPA1 213537_at,0.14980767989421867
CCL2 216598_s_at,0.14968423462804123
CLDN1 222549_at,0.14961303003807627
CD3E 205456_at,0.1495965065447223
CAPN12 228705_at,0.1495186035643387
CD3D 213539_at,0.14932282546308331
PTPN22 236539_at,0.14925080784183645
IL17RB 219255_x_at,0.1492032804606114
CLDN1 218182_s_at,0.1486807609719862
CCL5 1555759_a_at,0.14858565465068804
DSG1 206642_at,0.14856752454902475
IRF1 238725_at,0.14818974165245438
PTGS2 204748_at,0.14796128703306405
PTPN22 206060_s_at,0.14735960467328157
IL6 205207_at,0.1472278956502438
FABP5 202345_s_at,0.14710092167168842
SOCS3 227697_at,0.146832109841473
REL 206036_s_at,0.14672775526196358
S100A7 205916_at,0.14646116649312282
NFKBIZ 223217_s_at,0.14645225783791105
PSORS1C3 238997_at,0.14631804739877202
SLPI 203021_at,0.14628675604323532
AQP3 203747_at,0.14571203865524887
CARD14 232608_x_at,0.1456177872125208
JUP /// KRT17 205157_s_at,0.14476218429145088
TNIP1 243423_at,0.14414619157276481
MIR21 /// VMP1 224917_at,0.1439987679119323
IFI27 202411_at,0.1436913753532328
ERAP1 214012_at,0.14344228315538363
IFIH1 219209_at,0.14313135665943497
LOR 207720_at,0.142921239017397
AQP3 39249_at,0.1428308933172754
CCL5 1405_i_at,0.1426619441970113
PTGS2 1554997_a_at,0.1422080654813036
KRT6A 209125_at,0.14216980403796536
TAP2 208428_at,0.14193805828721082
RNASE7 233488_at,0.14179801953689047
IRAK2 231779_at,0.1416635612788562
CCL19 210072_at,0.14137528111882192
CDSN 206192_at,0.140787214234146
CD8A 205758_at,0.13965026877816836
C1QTNF2 223749_at,0.13835250923690381
STAT1 209969_s_at,0.1382242168327767
VNN3 1553514_a_at,0.1381798735502201
S100A8 202917_s_at,0.13763317366454092
S100A8 214370_at,0.13732332031024277
CD207 220428_at,0.13705821277137106
MIR146A 238225_at,0.13674985985654767
STAT3 208992_s_at,0.13672348582732194
IFI44 214453_s_at,0.1364633013121127
CCL22 207861_at,0.1364101226231012
IL17F 234408_at,0.13637616160641267
KRT6B 209126_x_at,0.1363484688762772
HLA-DPB1 244485_at,0.13630198435704233
IL23A 220054_at,0.1360453581771409
CCR7 206337_at,0.13602393533821497
SPRR2G 236119_s_at,0.1349734240179665
XCL1 206366_x_at,0.13387580692580506
TAP2 204769_s_at,0.1335840092966009
IFIH1 1555464_at,0.13357649169839625
DSC1 207324_s_at,0.13278681189728078
CCL8 214038_at,0.13262339570283363
IL17RE 236186_x_at,0.1318976453233263
OAS1 202869_at,0.13170067145103206
IRF7 208436_s_at,0.13146595690583546
IVL 214599_at,0.1310290492580299
IL26 221111_at,0.1308017184411555
CCL27 207955_at,0.1305251259027405
KRT16 209800_at,0.13006070571729852
CARD14 220598_at,0.12983357045670105
ACE 227463_at,0.128744999076303
MX1 202086_at,0.12748960234723297
IFI44 214059_at,0.12739252517303054
PLEK 203470_s_at,0.12710773802125747
LCE3D 224328_s_at,0.1270858229452671
CDSN 206193_s_at,0.12660306534913088
IFNG 210354_at,0.12619351146903185
IL36RN 222223_s_at,0.12618762780053777
RNASE7 234700_s_at,0.12564156531772414
IL12B 207901_at,0.12530769326660743
TLR4 221060_s_at,0.12359982117385067
IL36B 231755_at,0.12339774044822653
IL17A 216876_s_at,0.12331677792191661
OAS1 205552_s_at,0.12321890434205933
IL22 222974_at,0.12286135685807803
SPRR2B 208539_x_at,0.12182160426327877
CXCL9 203915_at,0.12064085530627783
PSORS1C2 220635_at,0.11977079341020981
WFDC12 1553081_at,0.11973466554146248
PI3 41469_at,0.11941353282030552
RORC 228806_at,0.11929902475122896
PI3 203691_at,0.1192082275463017
C10orf99 227736_at,0.11916307714594121
S100A9 203535_at,0.11907057610977087
C10orf99 227735_s_at,0.11864621651495248
CHRM3 1553705_a_at,0.11736526120442192
CHRM3 214596_at,0.1172085506685296
DEFB4A /// DEFB4B 207356_at,0.1161036917437259
SERPINB3 209719_x_at,0.11582061538743185
SERPINB3 209720_s_at,0.11562943427667817
IL36G 220322_at,0.11518421300748262
HLA-DQA1 203290_at,0.11454179682907538
IL20 224071_at,0.11318739826567793
FADS1 /// MIR1908 208964_s_at,0.11307245159387547
HSD3B1 241111_at,0.11191538582990376
LCN2 212531_at,0.11178606478998458
CHRM3 242488_at,0.11016572108431506
DEFB103A /// DEFB103B 224239_at,0.10995238946080185
RNASE7 234699_at,0.10989549198655503
SCGB2A1 205979_at,0.10930316251826468
THRSP 229476_s_at,0.10873727943336615
IFI44L 204439_at,0.10853156963527211
CXCL2 209774_x_at,0.1077011223413675
ISG15 205483_s_at,0.10705681008879459
IDO1 210029_at,0.10701535266299245
VNN3 220528_at,0.10694001800788239
IL36A 221404_at,0.10621137652597089
FADS1 /// MIR1908 208963_x_at,0.10475826367662831
CXCL10 204533_at,0.10393226617807218
SERPINB4 211906_s_at,0.10333432266295259
CXCL11 210163_at,0.10151661656755077
CCL20 205476_at,0.1012962684092504
CARD14 224113_at,0.1003737314657273
CHRM3 1564339_a_at,0.0983193640951071
IL17C 224079_at,0.09788957678901106
LYZ 1555745_a_at,0.09779682405446434
IL19 220745_at,0.09771207715516445
CRAT 209522_s_at,0.09732872750263144
S100A12 205863_at,0.09689582030135446
FADS1 /// MIR1908 208962_s_at,0.09504693800225258
THRSP 229477_at,0.09378673764864841
IFNLR1 1555499_a_at,0.0933903744153243
LEP 207092_at,0.0911521494977309
IL1B 205067_at,0.09050324681574
CXCL11 211122_s_at,0.08936394729895283
CIITA 211884_s_at,0.08884713282411977
CXCL8 202859_x_at,0.08514396266588886
IL1B 39402_at,0.08352788898085892
CRAT 205843_x_at,0.08237427904340236
CXCL8 211506_s_at,0.07922971067324094
THRSP 1553583_a_at,0.07542431672655722
IL13 207844_at,0.0747477065026553
NOS2 210037_s_at,0.07152068038163044
CXCL1 204470_at,0.07109490427580054
IL17A 208402_at,0.06786253080158954
HSD3B1 204515_at,0.06726459130058407
ELOVL3 234513_at,0.06362355915015958
SOCS3 206360_s_at,0.057223386256102626
IL17RC 221926_s_at,0.0483770133882419
CXCL2 230101_at,0.046353641469268056
CARD14 1555309_a_at,0.044639664632500756
IL4 207538_at,0.04452245166079071
CXCL6 206336_at,0.04347801183847639
MTHFR 217071_s_at,0.04284192913558232
