Variable 1,Variable 2,Correlación
AHR 202820_at,IFNGR2 201642_at,0.9854935448737723
AHR 202820_at,HIF1A 200989_at,0.9810003933759126
AHR 202820_at,MAP3K7 206853_s_at,0.9758246827357114
AHR 202820_at,ERAP1 209788_s_at,0.9744301460240702
AHR 202820_at,RELA 201783_s_at,0.9741910124385935
AHR 202820_at,NFKBIZ 223218_s_at,0.9731031509755607
AHR 202820_at,CHUK 209666_s_at,0.9705846533599713
AHR 202820_at,TNFAIP3 202644_s_at,0.9701565505578418
AHR 202820_at,B2M 201891_s_at,0.9692113592831382
AHR 202820_at,VEGFA 210512_s_at,0.9689727373000535
AHR 202820_at,IL17RA 229101_at,0.9686895595166454
AHR 202820_at,IFNLR1 244261_at,0.9685805595990667
AHR 202820_at,KRT10 213287_s_at,0.9662715586033325
AHR 202820_at,VDR 204255_s_at,0.9654904393576492
AHR 202820_at,HLA-C 216526_x_at,0.9619468714648813
AHR 202820_at,MTHFR 239035_at,0.9612709205607474
AHR 202820_at,B2M 216231_s_at,0.9599202656301171
AHR 202820_at,TNFRSF11A 238846_at,0.9598163505290038
AHR 202820_at,JAK2 205841_at,0.9588776619883744
AHR 202820_at,KLF4 221841_s_at,0.9584762134632094
AHR 202820_at,HLA-DPA1 211990_at,0.9576146442424508
AHR 202820_at,KRT10 207023_x_at,0.9573945674617146
AHR 202820_at,VDR 213692_s_at,0.9563725356817431
AHR 202820_at,MAP3K7 206854_s_at,0.9559402034921808
AHR 202820_at,KRT10 210633_x_at,0.9555134644288091
AHR 202820_at,HLA-C 208812_x_at,0.955339397958136
AHR 202820_at,HLA-DRB1 /// HLA-DRB1 208306_x_at,0.9537838835179886
AHR 202820_at,HLA-C 214459_x_at,0.9534826950992666
AHR 202820_at,AQP3 39248_at,0.9534712023192651
AHR 202820_at,REL 228812_at,0.9526263679689391
AHR 202820_at,TNIP1 207196_s_at,0.950993349168515
AHR 202820_at,IKBKB 209341_s_at,0.950816070696676
AQP3 203747_at,AQP3 39249_at,0.9925533275301187
AQP3 203747_at,NFKBIA 231699_at,0.9651296626961957
AQP3 203747_at,IL18 206295_at,0.9650981541135722
AQP3 203747_at,REL 206036_s_at,0.960703667984636
AQP3 203747_at,DSG1 206642_at,0.9601704350221261
AQP3 203747_at,NFKB1 209239_at,0.9591800898561904
AQP3 203747_at,HLA-B 208729_x_at,0.9500723069285212
AQP3 39248_at,KRT10 207023_x_at,0.9955773067240885
AQP3 39248_at,KRT10 213287_s_at,0.9931211850673011
AQP3 39248_at,KRT10 210633_x_at,0.9921578595074525
AQP3 39248_at,B2M 201891_s_at,0.9920179129919928
AQP3 39248_at,KRT1 205900_at,0.9898296737739182
AQP3 39248_at,HLA-A 215313_x_at,0.9880872539022875
AQP3 39248_at,HLA-B 209140_x_at,0.9870713266831652
AQP3 39248_at,HLA-C 214459_x_at,0.986361139691844
AQP3 39248_at,HLA-A 213932_x_at,0.9861403402761266
AQP3 39248_at,HLA-C 208812_x_at,0.985897497699137
AQP3 39248_at,HLA-C 216526_x_at,0.9835492207504487
AQP3 39248_at,KRT14 209351_at,0.9833588449038634
AQP3 39248_at,HLA-DRB1 /// HLA-DRB1 208306_x_at,0.978640806419479
AQP3 39248_at,ERAP1 209788_s_at,0.9753940998282413
AQP3 39248_at,HIF1A 200989_at,0.9750318867461617
AQP3 39248_at,NFKBIA 201502_s_at,0.9750226008963724
AQP3 39248_at,MTHFR 239035_at,0.9708461972308199
AQP3 39248_at,IL17RA 229101_at,0.9701446312333989
AQP3 39248_at,IFNGR2 201642_at,0.9690679367785731
AQP3 39248_at,JUP /// KRT17 212236_x_at,0.9678316672595422
AQP3 39248_at,VDR 204254_s_at,0.9676154970081083
AQP3 39248_at,HLA-C 211799_x_at,0.9670335273324516
AQP3 39248_at,REL 235242_at,0.9664539933759893
AQP3 39248_at,KLF4 221841_s_at,0.9647251870831215
AQP3 39248_at,HLA-B 211911_x_at,0.9616682293616885
AQP3 39248_at,VDR 204255_s_at,0.9614925342608465
AQP3 39248_at,STAT3 208991_at,0.9610194136119534
AQP3 39248_at,B2M 216231_s_at,0.9590114520300778
AQP3 39248_at,RELA 201783_s_at,0.9586934495551759
AQP3 39248_at,MAP3K7 206853_s_at,0.9575495203852631
AQP3 39248_at,JAK2 205841_at,0.9563386368893165
AQP3 39248_at,NFKBIZ 223218_s_at,0.9558098717983716
AQP3 39248_at,HLA-DPA1 211990_at,0.9554098860660115
AQP3 39248_at,MAP3K7 206854_s_at,0.9534894472724227
AQP3 39248_at,HLA-B 208729_x_at,0.9534095396070109
AQP3 39248_at,NFKB1 209239_at,0.9531614161241033
AQP3 39248_at,ERAP1 209701_at,0.9529938268681606
AQP3 39248_at,TRAF6 205558_at,0.9522314460098701
AQP3 39248_at,IKBKB 209341_s_at,0.9515791328508576
AQP3 39248_at,IFNLR1 244261_at,0.9515008302679928
AQP3 39248_at,VDR 213692_s_at,0.9514425861648554
AQP3 39248_at,IL17RA 228685_at,0.950459882935254
AQP3 39249_at,NFKBIA 231699_at,0.9602771464622295
AQP3 39249_at,HLA-B 208729_x_at,0.9572416786505429
AQP3 39249_at,HLA-B 211911_x_at,0.9542601500792268
AQP3 39249_at,IL18 206295_at,0.951488765270095
B2M 201891_s_at,KRT10 213287_s_at,0.9940373720420853
B2M 201891_s_at,KRT10 207023_x_at,0.9927181500601442
B2M 201891_s_at,HLA-C 214459_x_at,0.9907392677087575
B2M 201891_s_at,HLA-C 208812_x_at,0.9904580300641987
B2M 201891_s_at,HLA-DRB1 /// HLA-DRB1 208306_x_at,0.9895855514938147
B2M 201891_s_at,HLA-A 215313_x_at,0.9888256035440539
B2M 201891_s_at,HLA-C 216526_x_at,0.9885854433813352
B2M 201891_s_at,ERAP1 209788_s_at,0.9878116207750176
B2M 201891_s_at,KRT10 210633_x_at,0.9877417672686972
B2M 201891_s_at,HLA-A 213932_x_at,0.9875015360533607
B2M 201891_s_at,HLA-B 209140_x_at,0.9868450040627943
B2M 201891_s_at,KRT1 205900_at,0.985693017386872
B2M 201891_s_at,KRT14 209351_at,0.9841784239098851
B2M 201891_s_at,HIF1A 200989_at,0.9839166223311167
B2M 201891_s_at,IFNGR2 201642_at,0.9825178685105582
B2M 201891_s_at,IL17RA 229101_at,0.9802642500435212
B2M 201891_s_at,MTHFR 239035_at,0.9717197931836438
B2M 201891_s_at,RELA 201783_s_at,0.9705186008054373
B2M 201891_s_at,B2M 216231_s_at,0.9700003211863283
B2M 201891_s_at,NFKBIA 201502_s_at,0.9690480592122969
B2M 201891_s_at,KLF4 221841_s_at,0.9690110151606496
B2M 201891_s_at,MAP3K7 206853_s_at,0.9684279523166811
B2M 201891_s_at,HLA-C 211799_x_at,0.9673162149057376
B2M 201891_s_at,HLA-DPA1 211990_at,0.9664547477131039
B2M 201891_s_at,STAT3 208991_at,0.9663026926021506
B2M 201891_s_at,TRAF6 205558_at,0.9641757095922224
B2M 201891_s_at,VEGFA 210512_s_at,0.9622151687597059
B2M 201891_s_at,VDR 204255_s_at,0.9620201519973995
B2M 201891_s_at,VDR 204254_s_at,0.9612406557047452
B2M 201891_s_at,TNIP1 207196_s_at,0.9601702842978749
B2M 201891_s_at,NFKBIZ 223218_s_at,0.9598236856546953
B2M 201891_s_at,REL 235242_at,0.959072179774516
B2M 201891_s_at,JAK2 205841_at,0.9586527530003802
B2M 201891_s_at,TNFAIP3 202644_s_at,0.958341297186553
B2M 201891_s_at,IKBKB 209341_s_at,0.9582602733863943
B2M 201891_s_at,ERAP1 209701_at,0.9580796433473349
B2M 201891_s_at,HLA-B 211911_x_at,0.9576021196344306
B2M 201891_s_at,MAP3K7 206854_s_at,0.9569880575718501
B2M 201891_s_at,IFNLR1 244261_at,0.9560350830355191
B2M 201891_s_at,IL17RA 228685_at,0.9544049239706741
B2M 201891_s_at,TNFRSF11A 238846_at,0.9519880943768799
B2M 201891_s_at,CXXC5 224516_s_at,0.951979712535986
B2M 201891_s_at,CXXC5 233955_x_at,0.9509838338167155
B2M 201891_s_at,JUP /// KRT17 212236_x_at,0.9502891032533328
B2M 201891_s_at,CHUK 209666_s_at,0.950025828432974
B2M 216231_s_at,STAT3 208991_at,0.9860633994245869
B2M 216231_s_at,KLF4 221841_s_at,0.9832797670995939
B2M 216231_s_at,KRT1 205900_at,0.9707972545674797
B2M 216231_s_at,MAP3K7 206854_s_at,0.9696283995437666
B2M 216231_s_at,RELA 201783_s_at,0.9671289605419157
B2M 216231_s_at,IFNGR2 201642_at,0.9658125176002283
B2M 216231_s_at,DSG1 206642_at,0.964438523857246
B2M 216231_s_at,IL18 206295_at,0.9622716702815979
B2M 216231_s_at,HLA-C 214459_x_at,0.9616713533962935
B2M 216231_s_at,KRT10 210633_x_at,0.9609847171493433
B2M 216231_s_at,LYZ 213975_s_at,0.9606066299790567
B2M 216231_s_at,HLA-DRB1 /// HLA-DRB1 208306_x_at,0.9595302159278051
B2M 216231_s_at,HLA-DPA1 211991_s_at,0.9589310978674114
B2M 216231_s_at,HLA-C 211799_x_at,0.9586503795515048
B2M 216231_s_at,IFNLR1 244261_at,0.9574014656366708
B2M 216231_s_at,HLA-B 209140_x_at,0.9563817103862229
B2M 216231_s_at,MAP3K7 211537_x_at,0.9557922291598128
B2M 216231_s_at,NFKBIZ 223218_s_at,0.9554726956259283
B2M 216231_s_at,TNFAIP3 202644_s_at,0.9549438675139774
B2M 216231_s_at,HIF1A 200989_at,0.953820643571065
B2M 216231_s_at,HLA-B 211911_x_at,0.9537706136810857
B2M 216231_s_at,NFKB1 209239_at,0.952353846598415
B2M 216231_s_at,MAP3K7 211536_x_at,0.9517538435196645
B2M 216231_s_at,STAT3 225289_at,0.9516096975855766
B2M 216231_s_at,KLF4 220266_s_at,0.9513193040305896
B2M 216231_s_at,RELA 209878_s_at,0.9512537993390565
B2M 216231_s_at,KRT10 207023_x_at,0.9510394543019689
B2M 216231_s_at,KRT10 213287_s_at,0.9509605770147107
B2M 216231_s_at,STAT1 200887_s_at,0.9507508088861935
B2M 232311_at,NLRC5 226474_at,0.9584934373030313
B2M 232311_at,CCHCR1 37425_g_at,0.9529119582837126
B2M 232311_at,TAP1 202307_s_at,0.9526302888223145
BIN2 219191_s_at,IL2RG 204116_at,0.9555136353523761
BIN2 219191_s_at,CD4 203547_at,0.9546141757292961
BIN2 219191_s_at,TAP2 225973_at,0.9540471829510743
BIN2 219191_s_at,HLA-C 216526_x_at,0.9524828740158218
BIN2 219191_s_at,MTHFR 239035_at,0.9510116589259994
BIN2 219191_s_at,HLA-DPA1 211990_at,0.9502341394760541
BSG 208677_s_at,NFKBIA 201502_s_at,0.9593716408075103
BSG 208677_s_at,HLA-B 209140_x_at,0.9527628180342816
BSG 208677_s_at,HLA-B 211911_x_at,0.9515725497677556
C10orf99 227735_s_at,C10orf99 227736_at,0.9872544261501074
C10orf99 227735_s_at,DEFB103A /// DEFB103B 224239_at,0.9673190828199952
C10orf99 227735_s_at,IL36G 220322_at,0.9666420424642651
C10orf99 227735_s_at,IL36RN 222223_s_at,0.9650619544046508
C10orf99 227735_s_at,LCN2 212531_at,0.9642504103769637
C10orf99 227735_s_at,SERPINB3 209719_x_at,0.9601093209146169
C10orf99 227735_s_at,KRT16 209800_at,0.9560848818846167
C10orf99 227735_s_at,SERPINB3 209720_s_at,0.9536794145198966
C10orf99 227736_at,IL36RN 222223_s_at,0.9719897081985784
C10orf99 227736_at,DEFB103A /// DEFB103B 224239_at,0.9645127651847156
C10orf99 227736_at,DEFB4A /// DEFB4B 207356_at,0.9632546697457037
C10orf99 227736_at,IL36G 220322_at,0.962154505596898
C10orf99 227736_at,SERPINB3 209719_x_at,0.961970047762946
C10orf99 227736_at,KRT16 209800_at,0.9611447767887651
C10orf99 227736_at,SPRR2B 208539_x_at,0.9523617677006347
C10orf99 227736_at,S100A9 203535_at,0.9521576119772251
C10orf99 227736_at,PI3 41469_at,0.951453825764391
CCHCR1 209698_at,CCHCR1 42361_g_at,0.9867801105440864
CCHCR1 209698_at,CCHCR1 37424_at,0.9850805452134558
CCHCR1 209698_at,CCHCR1 37425_g_at,0.9652626359797416
CCHCR1 209698_at,NLRC5 226474_at,0.9629150566568686
CCHCR1 209698_at,TYK2 205546_s_at,0.9619551002218354
CCHCR1 209698_at,IKBKB 209342_s_at,0.9520121894823478
CCHCR1 37424_at,CCHCR1 42361_g_at,0.9977105671702826
CCHCR1 37424_at,CCHCR1 37425_g_at,0.981010926615716
CCHCR1 37424_at,TYK2 205546_s_at,0.9782800942463579
CCHCR1 37424_at,NLRC5 226474_at,0.9745500942829467
CCHCR1 37424_at,IKBKB 209341_s_at,0.959241915315354
CCHCR1 37424_at,IKBKB 209342_s_at,0.9524148637325832
CCHCR1 37425_g_at,CCHCR1 42361_g_at,0.9807040327960966
CCHCR1 37425_g_at,TYK2 205546_s_at,0.9718981293700552
CCHCR1 37425_g_at,IKBKB 209341_s_at,0.9700320591378077
CCHCR1 37425_g_at,NLRC5 226474_at,0.9658784893804568
CCHCR1 37425_g_at,MTHFR 239035_at,0.9617039431824949
CCHCR1 37425_g_at,IL17RA 229101_at,0.9588866069648554
CCHCR1 37425_g_at,HLA-A 213932_x_at,0.9576223353777379
CCHCR1 37425_g_at,HLA-C 216526_x_at,0.9574923175239028
CCHCR1 37425_g_at,NFKB2 209636_at,0.9552568114350202
CCHCR1 37425_g_at,HLA-C 208812_x_at,0.9536753811945534
CCHCR1 37425_g_at,HLA-A 215313_x_at,0.952415846362019
CCHCR1 37425_g_at,ERAP1 209701_at,0.9523020267384154
CCHCR1 42361_g_at,TYK2 205546_s_at,0.9762691233110387
CCHCR1 42361_g_at,NLRC5 226474_at,0.9714499462314471
CCHCR1 42361_g_at,IKBKB 209341_s_at,0.957578336563361
CCHCR1 42361_g_at,IKBKB 209342_s_at,0.9524851898672055
CCL5 1405_i_at,CCL5 204655_at,0.9873990306837798
CCL5 1405_i_at,CCL5 1555759_a_at,0.9786153940174367
CCL5 1555759_a_at,CCL5 204655_at,0.9734776947107399
CD3D 213539_at,IL12RB1 1552584_at,0.9636728807746766
CD3D 213539_at,CD3E 205456_at,0.9502628138655522
CD3E 205456_at,IL2RG 204116_at,0.952306401769836
CD3G 206804_at,IL2RG 204116_at,0.9572771795947914
CD4 203547_at,HLA-DPA1 211990_at,0.9667601224515472
CD4 203547_at,IL17RA 229101_at,0.9573962902710291
CD4 203547_at,HLA-C 216526_x_at,0.9527614365841042
CD4 203547_at,IKBKB 209341_s_at,0.9503685339313943
CD4 203547_at,HLA-DRB1 /// HLA-DRB1 208306_x_at,0.9501647397949486
CD83 204440_at,STAT1 200887_s_at,0.9634717473464113
CD83 204440_at,IL12RB1 1552584_at,0.9592834165968754
CD83 204440_at,MIR21 /// VMP1 220990_s_at,0.956412271513696
CD83 204440_at,MYD88 209124_at,0.954739829744817
CD86 205685_at,CD86 210895_s_at,0.9533522764981844
CD86 210895_s_at,LYZ 213975_s_at,0.9505128773282291
CDSN 206192_at,CDSN 206193_s_at,0.9535101165502875
CHRM3 214596_at,CHRM3 242488_at,0.9680657294354159
CHUK 209666_s_at,RELA 201783_s_at,0.9809738899396253
CHUK 209666_s_at,NFKBIZ 223218_s_at,0.9795666028220699
CHUK 209666_s_at,IFNGR2 201642_at,0.9789953841680782
CHUK 209666_s_at,IFNLR1 244261_at,0.9752104285217315
CHUK 209666_s_at,MAP3K7 206854_s_at,0.9748528665377336
CHUK 209666_s_at,HIF1A 200989_at,0.973991293080537
CHUK 209666_s_at,MAP3K7 206853_s_at,0.9729528589508376
CHUK 209666_s_at,VEGFA 210512_s_at,0.9711385938402444
CHUK 209666_s_at,TNFRSF11A 238846_at,0.9699279392577284
CHUK 209666_s_at,REL 228812_at,0.9646309684252002
CHUK 209666_s_at,MAP3K7 211537_x_at,0.9641440037153396
CHUK 209666_s_at,MAP3K7 211536_x_at,0.961908214737897
CHUK 209666_s_at,ERAP1 209788_s_at,0.9605091640175634
CHUK 209666_s_at,IL33 209821_at,0.9565258683908611
CHUK 209666_s_at,MIR21 /// VMP1 220990_s_at,0.9534260686294318
CHUK 209666_s_at,KRT10 213287_s_at,0.9501079570568828
CHUK 209666_s_at,IL17RE 236186_x_at,-0.9530223718308655
CRAT 205843_x_at,CRAT 209522_s_at,0.9542620944985273
CXCL11 210163_at,CXCL11 211122_s_at,0.9717458780917614
CXCL8 202859_x_at,IL1B 39402_at,0.9592951636302526
CXCL8 211506_s_at,IL1B 205067_at,0.9706385584463055
CXCL8 211506_s_at,IL1B 39402_at,0.9594325189453737
CXXC5 222996_s_at,TRAF3IP2 202987_at,0.9567545328205712
CXXC5 224516_s_at,CXXC5 233955_x_at,0.9859349170292685
CXXC5 224516_s_at,IL17RA 229101_at,0.9691884418908744
CXXC5 224516_s_at,HLA-DRB1 /// HLA-DRB1 208306_x_at,0.9574530473900761
CXXC5 224516_s_at,ERAP1 209788_s_at,0.9547044021208115
CXXC5 224516_s_at,HLA-DPA1 211990_at,0.9507428082072098
CXXC5 233955_x_at,IL17RA 229101_at,0.9688535568623292
CXXC5 233955_x_at,HLA-DRB1 /// HLA-DRB1 208306_x_at,0.959675636572327
CXXC5 233955_x_at,HLA-DPA1 211990_at,0.9575763954658147
CXXC5 233955_x_at,KRT14 209351_at,0.957500397774054
CXXC5 233955_x_at,ERAP1 209788_s_at,0.9568639201251263
CXXC5 233955_x_at,HLA-C 208812_x_at,0.9538574809330075
CXXC5 233955_x_at,HLA-A 213932_x_at,0.9524738897213988
CXXC5 233955_x_at,HLA-A 215313_x_at,0.950973682225402
CXXC5 233955_x_at,KRT10 213287_s_at,0.9504584765777335
DEFB1 210397_at,JAK2 205841_at,0.9596512125783156
DEFB1 210397_at,MTHFR 239035_at,0.9572965092679127
DEFB1 210397_at,KRT14 209351_at,0.9546205940100336
DEFB1 210397_at,MYD88 209124_at,0.9543529059974479
DEFB1 210397_at,HIF1A 200989_at,0.9528781974516799
DEFB1 210397_at,HLA-C 216526_x_at,0.9523207528999159
DEFB1 210397_at,VDR 204255_s_at,0.9518910899750831
DEFB103A /// DEFB103B 224239_at,IL36RN 222223_s_at,0.9667101216524373
DEFB103A /// DEFB103B 224239_at,IL36G 220322_at,0.9635962285014275
DEFB103A /// DEFB103B 224239_at,LCN2 212531_at,0.9612491847224776
DEFB4A /// DEFB4B 207356_at,PI3 41469_at,0.9928945812039646
DEFB4A /// DEFB4B 207356_at,PI3 203691_at,0.9926729574863475
DEFB4A /// DEFB4B 207356_at,S100A9 203535_at,0.9891791007473264
DEFB4A /// DEFB4B 207356_at,SERPINB3 209719_x_at,0.9839729260300298
DEFB4A /// DEFB4B 207356_at,SPRR2B 208539_x_at,0.9757565742889237
DEFB4A /// DEFB4B 207356_at,KRT16 209800_at,0.9702210987888926
DEFB4A /// DEFB4B 207356_at,IL36G 220322_at,0.967937992909767
DEFB4A /// DEFB4B 207356_at,IL36RN 222223_s_at,0.9665356206973669
DEFB4A /// DEFB4B 207356_at,SERPINB3 209720_s_at,0.9569605217497091
DSC1 207324_s_at,DSG1 206642_at,0.9582371069562315
DSG1 206642_at,IL18 206295_at,0.9764848022376772
DSG1 206642_at,KLF4 221841_s_at,0.9639905077056596
DSG1 206642_at,STAT3 208991_at,0.9630408830770653
DSG1 206642_at,MAP3K7 206854_s_at,0.9570554839492881
DSG1 206642_at,MAP3K7 211537_x_at,0.9536497095809048
DSG1 206642_at,REL 206036_s_at,0.953167655610104
ERAP1 209701_at,IL17RA 229101_at,0.9647675676280438
ERAP1 209701_at,HLA-C 214459_x_at,0.9642351506445885
ERAP1 209701_at,NFKBIA 201502_s_at,0.9619002451613738
ERAP1 209701_at,IL10RB 209575_at,0.9613540942384324
ERAP1 209701_at,HLA-C 208812_x_at,0.9605722011601178
ERAP1 209701_at,TRAF6 205558_at,0.9593946284100056
ERAP1 209701_at,HLA-B 209140_x_at,0.9589875316197544
ERAP1 209701_at,HLA-A 213932_x_at,0.9583504213204592
ERAP1 209701_at,HLA-C 216526_x_at,0.9583480460280057
ERAP1 209701_at,IL17RA 205707_at,0.9578820842807627
ERAP1 209701_at,ERAP1 209788_s_at,0.9567010542593276
ERAP1 209701_at,HLA-A 215313_x_at,0.9554252572498769
ERAP1 209701_at,HLA-DRB1 /// HLA-DRB1 208306_x_at,0.9547481316021746
ERAP1 209701_at,KRT10 213287_s_at,0.9546551178792969
ERAP1 209701_at,MTHFR 239035_at,0.9530488429057319
ERAP1 209701_at,KRT10 210633_x_at,0.9523909807679278
ERAP1 209701_at,KRT10 207023_x_at,0.9505206083260433
ERAP1 209788_s_at,KRT10 213287_s_at,0.9889418957331869
ERAP1 209788_s_at,IL17RA 229101_at,0.9866760298824263
ERAP1 209788_s_at,IFNGR2 201642_at,0.9851674966580892
ERAP1 209788_s_at,MAP3K7 206853_s_at,0.9847862207202971
ERAP1 209788_s_at,HIF1A 200989_at,0.9842413812560309
ERAP1 209788_s_at,KRT10 207023_x_at,0.9821940994286276
ERAP1 209788_s_at,HLA-C 208812_x_at,0.9807685682122393
ERAP1 209788_s_at,HLA-C 216526_x_at,0.9796700994089218
ERAP1 209788_s_at,HLA-C 214459_x_at,0.9778360738272482
ERAP1 209788_s_at,KRT10 210633_x_at,0.9764166379605663
ERAP1 209788_s_at,HLA-A 213932_x_at,0.9758332809024358
ERAP1 209788_s_at,IKBKB 209341_s_at,0.9750162802534219
ERAP1 209788_s_at,KRT14 209351_at,0.9750046751634187
ERAP1 209788_s_at,RELA 201783_s_at,0.9745781903439342
ERAP1 209788_s_at,MTHFR 239035_at,0.9745113602955624
ERAP1 209788_s_at,HLA-A 215313_x_at,0.9738142019141904
ERAP1 209788_s_at,HLA-DRB1 /// HLA-DRB1 208306_x_at,0.9737939361911834
ERAP1 209788_s_at,TRAF6 205558_at,0.9734057392033507
ERAP1 209788_s_at,VEGFA 210512_s_at,0.9681202642331487
ERAP1 209788_s_at,HLA-B 209140_x_at,0.9645634386398891
ERAP1 209788_s_at,TNFRSF11A 238846_at,0.9640882529105976
ERAP1 209788_s_at,JAK2 205841_at,0.9638378363762268
ERAP1 209788_s_at,KRT1 205900_at,0.9636067479963547
ERAP1 209788_s_at,TNIP1 207196_s_at,0.9635902860246043
ERAP1 209788_s_at,VDR 204255_s_at,0.9612270254033446
ERAP1 209788_s_at,HLA-DPA1 211990_at,0.9607523427965812
ERAP1 209788_s_at,IFNLR1 244261_at,0.9594617875630101
ERAP1 209788_s_at,TNFAIP3 202644_s_at,0.9583393202838657
ERAP1 209788_s_at,IL17RA 228685_at,0.9568480677941825
ERAP1 209788_s_at,NFKBIA 201502_s_at,0.9553297624081172
ERAP1 209788_s_at,NFKBIZ 223218_s_at,0.9551743759486109
ERAP1 209788_s_at,KLF4 221841_s_at,0.9542332902601705
ERAP1 209788_s_at,VDR 213692_s_at,0.9522273224548549
ERAP1 209788_s_at,IL17RC 224514_x_at,0.9509085661842268
ERAP1 209788_s_at,VDR 204254_s_at,0.9507250406005738
FABP5 202345_s_at,KRT6A 209125_at,0.9675792311809499
FABP5 202345_s_at,REL 235242_at,0.9561308182526574
FABP5 202345_s_at,MIR21 /// VMP1 220990_s_at,0.9547945718228308
FABP5 202345_s_at,S100A8 202917_s_at,0.9524783137553376
FABP5 202345_s_at,STAT1 200887_s_at,0.9519944266621336
FABP5 202345_s_at,S100A8 214370_at,0.9517149865927884
FABP5 202345_s_at,JUP /// KRT17 212236_x_at,0.9514710468577458
FABP5 202345_s_at,SLPI 203021_at,0.9501655171785505
FADS1 /// MIR1908 208962_s_at,FADS1 /// MIR1908 208963_x_at,0.984505635737194
FADS1 /// MIR1908 208962_s_at,THRSP 229477_at,0.9624013659302312
FADS1 /// MIR1908 208963_x_at,THRSP 229477_at,0.9539062701399869
FADS1 /// MIR1908 208964_s_at,THRSP 229476_s_at,0.9745625947182572
FLG 215704_at,KLF4 221841_s_at,0.9752499385672506
FLG 215704_at,LOR 207720_at,0.9715097836486593
FLG 215704_at,IL18 206295_at,0.959775892311391
FLG 215704_at,KRT10 210633_x_at,0.9588302512915364
FLG 215704_at,KRT1 205900_at,0.9566464102430617
FOXP3 221334_s_at,HIF1A 200989_at,0.9589712760558549
FOXP3 221334_s_at,IFNGR2 201642_at,0.9552309880006931
HIF1A 200989_at,IFNGR2 201642_at,0.9917288061987684
HIF1A 200989_at,VEGFA 210512_s_at,0.9816154574439443
HIF1A 200989_at,KRT10 213287_s_at,0.9810285420075325
HIF1A 200989_at,MTHFR 239035_at,0.9785072171455066
HIF1A 200989_at,IL17RA 229101_at,0.978138646576776
HIF1A 200989_at,NFKBIZ 223218_s_at,0.9775686079550777
HIF1A 200989_at,MAP3K7 206853_s_at,0.9767059162943249
HIF1A 200989_at,RELA 201783_s_at,0.9755470392356281
HIF1A 200989_at,TNIP1 207196_s_at,0.9751869871721492
HIF1A 200989_at,HLA-C 216526_x_at,0.9745948121717124
HIF1A 200989_at,KRT10 207023_x_at,0.9735825313543851
HIF1A 200989_at,HLA-C 208812_x_at,0.9721054771376126
HIF1A 200989_at,TNFRSF11A 238846_at,0.9706964361708219
HIF1A 200989_at,HLA-C 214459_x_at,0.9706741719242612
HIF1A 200989_at,KRT10 210633_x_at,0.9685978435917472
HIF1A 200989_at,KRT14 209351_at,0.9685683953314289
HIF1A 200989_at,IFNLR1 244261_at,0.9672797808303664
HIF1A 200989_at,MAP3K7 206854_s_at,0.9668869615299869
HIF1A 200989_at,JAK2 205841_at,0.9668427744281811
HIF1A 200989_at,IKBKB 209341_s_at,0.9661200212362623
HIF1A 200989_at,VDR 204255_s_at,0.9657326457577623
HIF1A 200989_at,IL17RA 228685_at,0.965709848375743
HIF1A 200989_at,HLA-A 213932_x_at,0.9656117358190229
HIF1A 200989_at,HLA-A 215313_x_at,0.9640821281732913
HIF1A 200989_at,REL 235242_at,0.9634697203366267
HIF1A 200989_at,HLA-DRB1 /// HLA-DRB1 208306_x_at,0.9629617312663521
HIF1A 200989_at,STAT3 208991_at,0.9618288686574464
HIF1A 200989_at,KRT1 205900_at,0.9614584636639132
HIF1A 200989_at,REL 228812_at,0.96112237853978
HIF1A 200989_at,MIR21 /// VMP1 220990_s_at,0.9605477440674014
HIF1A 200989_at,HLA-B 209140_x_at,0.9603568857307807
HIF1A 200989_at,HLA-DPA1 211990_at,0.9598385131197207
HIF1A 200989_at,VDR 213692_s_at,0.9565070080258701
HIF1A 200989_at,TRAF6 205558_at,0.9547718079216694
HIF1A 200989_at,STAT1 200887_s_at,0.9540572121932478
HIF1A 200989_at,TRAF3IP2 215411_s_at,0.9536594349740874
HIF1A 200989_at,KLF4 221841_s_at,0.9530796582509755
HIF1A 200989_at,STAT3 225289_at,0.9529845724601146
HIF1A 200989_at,TNFAIP3 202644_s_at,0.9516905620567718
HIF1A 200989_at,VDR 204254_s_at,0.9510698902082646
HIF1A 200989_at,MYD88 209124_at,0.9507544863749569
HLA-A 213932_x_at,HLA-A 215313_x_at,0.9990291006808869
HLA-A 213932_x_at,KRT14 209351_at,0.9947561778140513
HLA-A 213932_x_at,HLA-C 208812_x_at,0.9926118903186739
HLA-A 213932_x_at,HLA-C 216526_x_at,0.9905565555355662
HLA-A 213932_x_at,KRT10 207023_x_at,0.9897238874529377
HLA-A 213932_x_at,HLA-B 209140_x_at,0.9887092448733069
HLA-A 213932_x_at,KRT10 213287_s_at,0.9885958384029915
HLA-A 213932_x_at,HLA-DRB1 /// HLA-DRB1 208306_x_at,0.9870351064626517
HLA-A 213932_x_at,HLA-C 214459_x_at,0.9857682815829277
HLA-A 213932_x_at,VDR 204254_s_at,0.9815809836632243
HLA-A 213932_x_at,IL17RA 229101_at,0.979998066387123
HLA-A 213932_x_at,KRT10 210633_x_at,0.9763437097099998
HLA-A 213932_x_at,NFKBIA 201502_s_at,0.975900609928441
HLA-A 213932_x_at,MTHFR 239035_at,0.9755680573931094
HLA-A 213932_x_at,KRT1 205900_at,0.9739385862279072
HLA-A 213932_x_at,HLA-DPA1 211990_at,0.9722092063911326
HLA-A 213932_x_at,IKBKB 209341_s_at,0.9684135192634588
HLA-A 213932_x_at,VDR 204255_s_at,0.9610114456877341
HLA-A 213932_x_at,HLA-C 211799_x_at,0.9587876097452874
HLA-A 213932_x_at,TAP1 202307_s_at,0.9581342516431628
HLA-A 213932_x_at,TRAF6 205558_at,0.9579209039786288
HLA-A 213932_x_at,IFNGR2 201642_at,0.9577659106768271
HLA-A 213932_x_at,TYK2 205546_s_at,0.9554638607916028
HLA-A 213932_x_at,JUP /// KRT17 212236_x_at,0.9539137710598475
HLA-A 213932_x_at,HLA-B 211911_x_at,0.953077674169225
HLA-A 215313_x_at,HLA-C 208812_x_at,0.9936426858907118
HLA-A 215313_x_at,KRT14 209351_at,0.9929702185245475
HLA-A 215313_x_at,HLA-C 216526_x_at,0.99190893033837
HLA-A 215313_x_at,HLA-B 209140_x_at,0.9915938729108649
HLA-A 215313_x_at,KRT10 207023_x_at,0.990931952081218
HLA-A 215313_x_at,HLA-DRB1 /// HLA-DRB1 208306_x_at,0.9893376667460959
HLA-A 215313_x_at,KRT10 213287_s_at,0.9887112973447367
HLA-A 215313_x_at,HLA-C 214459_x_at,0.9885890092572525
HLA-A 215313_x_at,KRT10 210633_x_at,0.9796427296797112
HLA-A 215313_x_at,VDR 204254_s_at,0.9792921597793627
HLA-A 215313_x_at,IL17RA 229101_at,0.9779022577802684
HLA-A 215313_x_at,KRT1 205900_at,0.9777521741601436
HLA-A 215313_x_at,NFKBIA 201502_s_at,0.9762733131563047
HLA-A 215313_x_at,MTHFR 239035_at,0.9736250731289847
HLA-A 215313_x_at,HLA-DPA1 211990_at,0.9723823064037401
HLA-A 215313_x_at,HLA-C 211799_x_at,0.9654305223544982
HLA-A 215313_x_at,IKBKB 209341_s_at,0.9623723388116799
HLA-A 215313_x_at,HLA-B 211911_x_at,0.960938520461056
HLA-A 215313_x_at,VDR 204255_s_at,0.9594773289989824
HLA-A 215313_x_at,IFNGR2 201642_at,0.9579966519910038
HLA-A 215313_x_at,TRAF6 205558_at,0.9568666496270501
HLA-A 215313_x_at,JUP /// KRT17 212236_x_at,0.9563222277621094
HLA-A 215313_x_at,TAP1 202307_s_at,0.9557007072337826
HLA-A 215313_x_at,HLA-B 208729_x_at,0.9511745063490123
HLA-B 208729_x_at,HLA-B 211911_x_at,0.9959074367010234
HLA-B 208729_x_at,HLA-C 211799_x_at,0.9840709853342409
HLA-B 208729_x_at,HLA-B 209140_x_at,0.9736490636540458
HLA-B 208729_x_at,KRT1 205900_at,0.9646184750971463
HLA-B 208729_x_at,HLA-C 214459_x_at,0.9638486281715657
HLA-B 208729_x_at,NFKB1 209239_at,0.9630130639330634
HLA-B 208729_x_at,NFKBIA 231699_at,0.9624981200544495
HLA-B 208729_x_at,IL10RB 209575_at,0.9596904480203357
HLA-B 208729_x_at,HLA-DRB1 /// HLA-DRB1 208306_x_at,0.9559333092868827
HLA-B 208729_x_at,NFKBIA 201502_s_at,0.9514586733805029
HLA-B 208729_x_at,RELA 209878_s_at,0.9504976809003834
HLA-B 208729_x_at,KRT10 210633_x_at,0.9504437761713711
HLA-B 208729_x_at,HLA-C 208812_x_at,0.9502853837996733
HLA-B 209140_x_at,HLA-C 214459_x_at,0.9923495615408616
HLA-B 209140_x_at,HLA-C 208812_x_at,0.9919584216902165
HLA-B 209140_x_at,HLA-DRB1 /// HLA-DRB1 208306_x_at,0.9884193351783216
HLA-B 209140_x_at,HLA-C 216526_x_at,0.9883615561083865
HLA-B 209140_x_at,KRT10 207023_x_at,0.9848798848773064
HLA-B 209140_x_at,KRT1 205900_at,0.9844073968993903
HLA-B 209140_x_at,HLA-B 211911_x_at,0.9812941033597239
HLA-B 209140_x_at,NFKBIA 201502_s_at,0.9811689734437153
HLA-B 209140_x_at,KRT10 213287_s_at,0.981001952995901
HLA-B 209140_x_at,HLA-C 211799_x_at,0.9806262124927865
HLA-B 209140_x_at,KRT10 210633_x_at,0.9802986387678366
HLA-B 209140_x_at,KRT14 209351_at,0.9799560530135677
HLA-B 209140_x_at,VDR 204254_s_at,0.9700141885740536
HLA-B 209140_x_at,MTHFR 239035_at,0.9691655630926216
HLA-B 209140_x_at,IL17RA 229101_at,0.9689550046222168
HLA-B 209140_x_at,JUP /// KRT17 212236_x_at,0.9651713617043187
HLA-B 209140_x_at,HLA-DPA1 211990_at,0.963605140335856
HLA-B 209140_x_at,NFKB1 209239_at,0.9621846163183778
HLA-B 209140_x_at,TRAF6 205558_at,0.9601549291287388
HLA-B 209140_x_at,IFNGR2 201642_at,0.9579941637465429
HLA-B 209140_x_at,STAT3 208991_at,0.9562996070717888
HLA-B 209140_x_at,REL 235242_at,0.9553984486103536
HLA-B 209140_x_at,IL10RB 209575_at,0.9539949772503852
HLA-B 209140_x_at,VDR 204255_s_at,0.9515563880447194
HLA-B 209140_x_at,RELA 201783_s_at,0.950240747291208
HLA-B 211911_x_at,HLA-C 211799_x_at,0.9912278249210724
HLA-B 211911_x_at,HLA-C 214459_x_at,0.9737700287435442
HLA-B 211911_x_at,KRT1 205900_at,0.9715223280601104
HLA-B 211911_x_at,NFKB1 209239_at,0.9690829766474015
HLA-B 211911_x_at,HLA-DRB1 /// HLA-DRB1 208306_x_at,0.9671679868575158
HLA-B 211911_x_at,HLA-C 208812_x_at,0.9623720641369039
HLA-B 211911_x_at,IL10RB 209575_at,0.9622275375178462
HLA-B 211911_x_at,NFKBIA 231699_at,0.9618129680854149
HLA-B 211911_x_at,NFKBIA 201502_s_at,0.9606411587466355
HLA-B 211911_x_at,KRT10 210633_x_at,0.9592027188766895
HLA-B 211911_x_at,KRT10 207023_x_at,0.9532400925087131
HLA-B 211911_x_at,HLA-C 216526_x_at,0.9526260137907048
HLA-B 211911_x_at,RELA 209878_s_at,0.951317477999843
HLA-B 211911_x_at,STAT3 208991_at,0.9505450773784788
HLA-C 208812_x_at,HLA-C 214459_x_at,0.9966079320911763
HLA-C 208812_x_at,HLA-C 216526_x_at,0.9934907745229784
HLA-C 208812_x_at,HLA-DRB1 /// HLA-DRB1 208306_x_at,0.9906206672985327
HLA-C 208812_x_at,KRT10 213287_s_at,0.9881785622175261
HLA-C 208812_x_at,KRT10 207023_x_at,0.9877073607749218
HLA-C 208812_x_at,KRT14 209351_at,0.9849705258974585
HLA-C 208812_x_at,IL17RA 229101_at,0.9828646559645471
HLA-C 208812_x_at,MTHFR 239035_at,0.9805306365377608
HLA-C 208812_x_at,KRT10 210633_x_at,0.980434716336933
HLA-C 208812_x_at,KRT1 205900_at,0.9767168481021794
HLA-C 208812_x_at,HLA-DPA1 211990_at,0.9755514010632292
HLA-C 208812_x_at,HLA-C 211799_x_at,0.9736483159032815
HLA-C 208812_x_at,NFKBIA 201502_s_at,0.9731734582129312
HLA-C 208812_x_at,IFNGR2 201642_at,0.9704088045646154
HLA-C 208812_x_at,VDR 204254_s_at,0.9694060144348161
HLA-C 208812_x_at,TRAF6 205558_at,0.9666998740487796
HLA-C 208812_x_at,IKBKB 209341_s_at,0.963623747853616
HLA-C 208812_x_at,IL17RA 228685_at,0.9598957634260576
HLA-C 208812_x_at,MAP3K7 206853_s_at,0.9579976635403046
HLA-C 208812_x_at,TNIP1 207196_s_at,0.957503288196743
HLA-C 208812_x_at,RELA 201783_s_at,0.9574996119920633
HLA-C 208812_x_at,VDR 204255_s_at,0.9574657704606885
HLA-C 208812_x_at,JAK2 205841_at,0.9572618951845631
HLA-C 208812_x_at,TAP1 202307_s_at,0.9551327702478462
HLA-C 208812_x_at,JUP /// KRT17 212236_x_at,0.9503421953896112
HLA-C 208812_x_at,REL 235242_at,0.950251369989759
HLA-C 211799_x_at,HLA-C 214459_x_at,0.9857309051352875
HLA-C 211799_x_at,HLA-DRB1 /// HLA-DRB1 208306_x_at,0.9753637300357371
HLA-C 211799_x_at,KRT1 205900_at,0.9700948647191472
HLA-C 211799_x_at,NFKB1 209239_at,0.969793063048076
HLA-C 211799_x_at,KRT10 210633_x_at,0.96787289410953
HLA-C 211799_x_at,IL10RB 209575_at,0.9664523436285598
HLA-C 211799_x_at,HLA-C 216526_x_at,0.9622486401739764
HLA-C 211799_x_at,KRT10 207023_x_at,0.9600734193523228
HLA-C 211799_x_at,NFKBIA 201502_s_at,0.959973442767125
HLA-C 211799_x_at,KRT10 213287_s_at,0.9578741820201953
HLA-C 211799_x_at,KLF4 221841_s_at,0.9564485901015831
HLA-C 211799_x_at,NFKBIA 231699_at,0.9556218446449154
HLA-C 211799_x_at,RELA 209878_s_at,0.9549976855800728
HLA-C 211799_x_at,STAT3 208991_at,0.9541591967263289
HLA-C 214459_x_at,HLA-C 216526_x_at,0.990664797632528
HLA-C 214459_x_at,HLA-DRB1 /// HLA-DRB1 208306_x_at,0.9898457747711573
HLA-C 214459_x_at,KRT10 213287_s_at,0.9860867781764794
HLA-C 214459_x_at,KRT10 207023_x_at,0.9852155642005912
HLA-C 214459_x_at,KRT10 210633_x_at,0.9840781835900708
HLA-C 214459_x_at,KRT1 205900_at,0.9805739973603859
HLA-C 214459_x_at,IL17RA 229101_at,0.9798504754239692
HLA-C 214459_x_at,MTHFR 239035_at,0.9756361620641985
HLA-C 214459_x_at,KRT14 209351_at,0.9748969524372758
HLA-C 214459_x_at,IFNGR2 201642_at,0.972634652497328
HLA-C 214459_x_at,NFKBIA 201502_s_at,0.9708445482568393
HLA-C 214459_x_at,TRAF6 205558_at,0.96812348833918
HLA-C 214459_x_at,HLA-DPA1 211990_at,0.9665769036582607
HLA-C 214459_x_at,RELA 201783_s_at,0.9645587920761287
HLA-C 214459_x_at,NFKB1 209239_at,0.9613633340536648
HLA-C 214459_x_at,VDR 204254_s_at,0.9602219981483369
HLA-C 214459_x_at,IL17RA 228685_at,0.9595329792497459
HLA-C 214459_x_at,STAT3 208991_at,0.9588597366756972
HLA-C 214459_x_at,KLF4 221841_s_at,0.9587185645631637
HLA-C 214459_x_at,IL10RB 209575_at,0.9580270434652658
HLA-C 214459_x_at,REL 235242_at,0.9571174765748244
HLA-C 214459_x_at,MAP3K7 206853_s_at,0.9568132121883836
HLA-C 214459_x_at,MAP3K7 206854_s_at,0.9528769473272948
HLA-C 214459_x_at,IKBKB 209341_s_at,0.9526010482355708
HLA-C 214459_x_at,TNIP1 207196_s_at,0.9521550459412382
HLA-C 214459_x_at,TNFRSF11A 238846_at,0.9505530626360731
HLA-C 214459_x_at,JAK2 205841_at,0.9505233613558663
HLA-C 214459_x_at,JUP /// KRT17 212236_x_at,0.9504695798895083
HLA-C 214459_x_at,NFKBIZ 223218_s_at,0.9503382415016398
HLA-C 214459_x_at,TRAF3IP2 215411_s_at,0.9501719970744533
HLA-C 214459_x_at,VDR 204255_s_at,0.9500081274703225
HLA-C 216526_x_at,KRT10 213287_s_at,0.9872096369445807
HLA-C 216526_x_at,HLA-DRB1 /// HLA-DRB1 208306_x_at,0.986748384512039
HLA-C 216526_x_at,KRT10 207023_x_at,0.9858728304046657
HLA-C 216526_x_at,IL17RA 229101_at,0.9855289927036835
HLA-C 216526_x_at,MTHFR 239035_at,0.9832399239522936
HLA-C 216526_x_at,KRT10 210633_x_at,0.9813169544184054
HLA-C 216526_x_at,KRT14 209351_at,0.9806516663370897
HLA-C 216526_x_at,HLA-DPA1 211990_at,0.9801642148145269
HLA-C 216526_x_at,KRT1 205900_at,0.974588925704157
HLA-C 216526_x_at,IFNGR2 201642_at,0.9743137235564345
HLA-C 216526_x_at,NFKBIA 201502_s_at,0.9738710248703873
HLA-C 216526_x_at,VDR 204254_s_at,0.9733866580823707
HLA-C 216526_x_at,IKBKB 209341_s_at,0.9705817517921583
HLA-C 216526_x_at,TRAF6 205558_at,0.968014009832626
HLA-C 216526_x_at,VDR 204255_s_at,0.9654627555642049
HLA-C 216526_x_at,JAK2 205841_at,0.9625884928916505
HLA-C 216526_x_at,MAP3K7 206853_s_at,0.9624048280426867
HLA-C 216526_x_at,TAP1 202307_s_at,0.9601744108031777
HLA-C 216526_x_at,TNIP1 207196_s_at,0.9598774940123459
HLA-C 216526_x_at,REL 235242_at,0.9573586978848072
HLA-C 216526_x_at,RELA 201783_s_at,0.9564694609973154
HLA-C 216526_x_at,VDR 213692_s_at,0.955211161482863
HLA-C 216526_x_at,IL17RA 228685_at,0.9547549903981204
HLA-C 216526_x_at,VEGFA 210512_s_at,0.9538879891716152
HLA-C 216526_x_at,NFKBIZ 223218_s_at,0.9532678471791414
HLA-C 216526_x_at,TAP2 225973_at,0.9513105210110638
HLA-C 216526_x_at,STAT1 200887_s_at,0.9500455694962655
HLA-DPA1 211990_at,IL17RA 229101_at,0.9738829428446774
HLA-DPA1 211990_at,HLA-DRB1 /// HLA-DRB1 208306_x_at,0.973421274748908
HLA-DPA1 211990_at,KRT14 209351_at,0.967375306714365
HLA-DPA1 211990_at,KRT10 213287_s_at,0.9667204235108885
HLA-DPA1 211990_at,MTHFR 239035_at,0.9655705114577415
HLA-DPA1 211990_at,KRT10 207023_x_at,0.9631133246521202
HLA-DPA1 211990_at,VDR 204254_s_at,0.9594666378246788
HLA-DPA1 211990_at,IKBKB 209341_s_at,0.9586075310984613
HLA-DPA1 211990_at,IFNGR2 201642_at,0.9574164009140514
HLA-DPA1 211990_at,VDR 204255_s_at,0.9560620179170023
HLA-DPA1 211990_at,KRT10 210633_x_at,0.9530053503010681
HLA-DPA1 211990_at,TNIP1 207196_s_at,0.9520242482598827
HLA-DPA1 211990_at,KRT1 205900_at,0.9503326857487523
HLA-DPA1 211991_s_at,LYZ 213975_s_at,0.952198453353718
HLA-DPA1 211991_s_at,HLA-DRB1 /// HLA-DRB1 208306_x_at,0.9515151826161911
HLA-DRB1 /// HLA-DRB1 208306_x_at,KRT10 207023_x_at,0.9819539835450979
HLA-DRB1 /// HLA-DRB1 208306_x_at,KRT10 213287_s_at,0.9817539087213966
HLA-DRB1 /// HLA-DRB1 208306_x_at,KRT14 209351_at,0.9790900832292818
HLA-DRB1 /// HLA-DRB1 208306_x_at,KRT1 205900_at,0.9769971205419863
HLA-DRB1 /// HLA-DRB1 208306_x_at,IL17RA 229101_at,0.9769123451590489
HLA-DRB1 /// HLA-DRB1 208306_x_at,KRT10 210633_x_at,0.9767831610087897
HLA-DRB1 /// HLA-DRB1 208306_x_at,NFKBIA 201502_s_at,0.9713835772132299
HLA-DRB1 /// HLA-DRB1 208306_x_at,MTHFR 239035_at,0.9659478052346485
HLA-DRB1 /// HLA-DRB1 208306_x_at,IFNGR2 201642_at,0.965660239396384
HLA-DRB1 /// HLA-DRB1 208306_x_at,TRAF6 205558_at,0.9611484156698373
HLA-DRB1 /// HLA-DRB1 208306_x_at,VDR 204254_s_at,0.959381431791715
HLA-DRB1 /// HLA-DRB1 208306_x_at,KLF4 221841_s_at,0.9552957692890793
HLA-DRB1 /// HLA-DRB1 208306_x_at,RELA 201783_s_at,0.9529622945756816
HLA-DRB1 /// HLA-DRB1 208306_x_at,STAT3 208991_at,0.951734806497224
HLA-DRB1 /// HLA-DRB1 208306_x_at,TNFAIP3 202644_s_at,0.9504738926391885
ICOS 210439_at,IL12RB1 1552584_at,0.9512753924527404
IFI27 202411_at,STAT1 209969_s_at,0.9634591803924609
IFI27 202411_at,STAT1 200887_s_at,0.962674370643915
IFI27 202411_at,IFI44 214453_s_at,0.9503384863525092
IFI44 214059_at,IFI44 214453_s_at,0.9675777965527086
IFI44 214059_at,OAS1 202869_at,0.951787850273779
IFI44 214059_at,MX1 202086_at,0.9514212960485111
IFI44 214453_s_at,MX1 202086_at,0.9743236708674062
IFI44 214453_s_at,IFIH1 219209_at,0.9642867597453092
IFI44 214453_s_at,OAS1 202869_at,0.9590506576788828
IFI44L 204439_at,ISG15 205483_s_at,0.965087980353845
IFIH1 219209_at,OAS1 202869_at,0.9677465711736741
IFIH1 219209_at,MX1 202086_at,0.9638182562216853
IFIH1 219209_at,STAT1 200887_s_at,0.9575024058415031
IFNGR2 201642_at,RELA 201783_s_at,0.9829161213523294
IFNGR2 201642_at,VEGFA 210512_s_at,0.9797217109749441
IFNGR2 201642_at,MAP3K7 206853_s_at,0.978424094192836
IFNGR2 201642_at,NFKBIZ 223218_s_at,0.9781731090735475
IFNGR2 201642_at,KRT10 213287_s_at,0.977395792465517
IFNGR2 201642_at,IL17RA 229101_at,0.977115560884702
IFNGR2 201642_at,IFNLR1 244261_at,0.9754872712577841
IFNGR2 201642_at,MTHFR 239035_at,0.9741508830138755
IFNGR2 201642_at,MAP3K7 206854_s_at,0.972339574440512
IFNGR2 201642_at,TNFRSF11A 238846_at,0.9711047651117851
IFNGR2 201642_at,TNIP1 207196_s_at,0.9704251992832086
IFNGR2 201642_at,KRT10 210633_x_at,0.9701134706232482
IFNGR2 201642_at,KRT10 207023_x_at,0.9682198358911355
IFNGR2 201642_at,STAT3 208991_at,0.9676273303105726
IFNGR2 201642_at,TNFAIP3 202644_s_at,0.9665802605805195
IFNGR2 201642_at,JAK2 205841_at,0.965572280356514
IFNGR2 201642_at,TRAF6 205558_at,0.9627562282524375
IFNGR2 201642_at,KLF4 221841_s_at,0.9623809168930882
IFNGR2 201642_at,IL17RA 228685_at,0.9617959503718132
IFNGR2 201642_at,KRT1 205900_at,0.9614179088632593
IFNGR2 201642_at,VDR 204255_s_at,0.9597212357708929
IFNGR2 201642_at,IKBKB 209341_s_at,0.9591382747978474
IFNGR2 201642_at,TRAF3IP2 215411_s_at,0.9583336829505548
IFNGR2 201642_at,REL 235242_at,0.9580750102616523
IFNGR2 201642_at,REL 228812_at,0.957941735590641
IFNGR2 201642_at,STAT1 200887_s_at,0.9565672621009682
IFNGR2 201642_at,VDR 213692_s_at,0.9550122368055863
IFNGR2 201642_at,KRT14 209351_at,0.9550038113117163
IFNGR2 201642_at,STAT3 225289_at,0.954622940019782
IFNGR2 201642_at,TNFAIP3 202643_s_at,0.9542562469759416
IFNGR2 201642_at,MAP3K7 211537_x_at,0.9540910936944639
IFNGR2 201642_at,MIR21 /// VMP1 220990_s_at,0.9535866979921545
IFNGR2 201642_at,MAP3K7 211536_x_at,0.951108335470339
IFNGR2 201642_at,IL17RE 236186_x_at,-0.9525652482646985
IFNLR1 244261_at,RELA 201783_s_at,0.9767610437112415
IFNLR1 244261_at,NFKBIZ 223218_s_at,0.9678605305691803
IFNLR1 244261_at,MAP3K7 206854_s_at,0.9644566511331448
IFNLR1 244261_at,REL 228812_at,0.9637959002455694
IFNLR1 244261_at,VEGFA 210512_s_at,0.9623663579976531
IFNLR1 244261_at,MAP3K7 206853_s_at,0.9603472557224342
IFNLR1 244261_at,KLF4 221841_s_at,0.9603396039176085
IFNLR1 244261_at,JAK2 205841_at,0.960219794486607
IFNLR1 244261_at,TNFRSF11A 238846_at,0.9579057129183337
IFNLR1 244261_at,TNFAIP3 202644_s_at,0.9574185337960687
IFNLR1 244261_at,STAT3 208991_at,0.957147480277487
IFNLR1 244261_at,KRT10 210633_x_at,0.9568671071949851
IFNLR1 244261_at,KRT10 213287_s_at,0.9540573996275576
IFNLR1 244261_at,STAT1 200887_s_at,0.9531812921376116
IFNLR1 244261_at,REL 235242_at,0.9518647233749649
IFNLR1 244261_at,VDR 213692_s_at,0.9503264479895235
IKBKB 209341_s_at,IL17RA 229101_at,0.9812479419051623
IKBKB 209341_s_at,TYK2 205546_s_at,0.9802055170389988
IKBKB 209341_s_at,MTHFR 239035_at,0.9759169145403787
IKBKB 209341_s_at,MAP3K7 206853_s_at,0.9755537312729845
IKBKB 209341_s_at,KRT10 213287_s_at,0.9689590243554341
IKBKB 209341_s_at,KRT14 209351_at,0.9626793969193065
IKBKB 209341_s_at,JAK2 205841_at,0.9612303859505436
IKBKB 209341_s_at,VDR 204254_s_at,0.9600335775785148
IKBKB 209341_s_at,NLRC5 226474_at,0.9596287375827107
IKBKB 209341_s_at,IKBKB 209342_s_at,0.9593093182755081
IKBKB 209341_s_at,KRT10 207023_x_at,0.9591283183952876
IKBKB 209341_s_at,VDR 204255_s_at,0.9585722750658936
IKBKB 209341_s_at,TRAF6 205558_at,0.9562975400408581
IKBKB 209341_s_at,VEGFA 210512_s_at,0.954186417945944
IKBKB 209341_s_at,TNIP1 207196_s_at,0.9537121588938856
IKBKB 209341_s_at,TAP1 202307_s_at,0.9517090384039556
IKBKB 209342_s_at,TYK2 205546_s_at,0.9652350745162611
IKBKB 209342_s_at,TAP1 202307_s_at,0.9546069153522747
IKBKB 211027_s_at,IL10RB 209575_at,0.959400628679898
IL10RB 209575_at,NFKB1 209239_at,0.9679671340251893
IL10RB 209575_at,NFKBIA 231699_at,0.9598462295753406
IL10RB 209575_at,IL18 206295_at,0.9591824007643517
IL10RB 209575_at,TRAF3IP2 202987_at,0.9528254945914669
IL12RB1 1552584_at,MYD88 209124_at,0.9510847244748604
IL12RB1 206890_at,MIR21 /// VMP1 220990_s_at,0.9521918353358598
IL12RB1 206890_at,REL 228812_at,0.9510328273324968
IL17RA 228685_at,IL17RA 229101_at,0.9699139331874791
IL17RA 228685_at,MTHFR 239035_at,0.9691634227775561
IL17RA 228685_at,TRAF3IP2 215411_s_at,0.9655766107215702
IL17RA 228685_at,TNIP1 207196_s_at,0.9605216730237688
IL17RA 228685_at,RELA 201783_s_at,0.9564884843760217
IL17RA 228685_at,KRT10 213287_s_at,0.9540200967671129
IL17RA 228685_at,KRT10 210633_x_at,0.9514747452587662
IL17RA 228685_at,KRT10 207023_x_at,0.9500637330443307
IL17RA 229101_at,MTHFR 239035_at,0.9847918548040401
IL17RA 229101_at,KRT10 213287_s_at,0.9819703817438611
IL17RA 229101_at,KRT10 207023_x_at,0.9755010510838381
IL17RA 229101_at,KRT14 209351_at,0.974398529254464
IL17RA 229101_at,MAP3K7 206853_s_at,0.9743308082141844
IL17RA 229101_at,TRAF6 205558_at,0.9741583987992137
IL17RA 229101_at,KRT10 210633_x_at,0.9706487776424774
IL17RA 229101_at,VDR 204254_s_at,0.9658918701639713
IL17RA 229101_at,VDR 204255_s_at,0.9638521861318965
IL17RA 229101_at,NFKBIA 201502_s_at,0.9619531209036771
IL17RA 229101_at,RELA 201783_s_at,0.9610053793339313
IL17RA 229101_at,TNIP1 207196_s_at,0.9603709458805311
IL17RA 229101_at,TYK2 205546_s_at,0.9601525491988938
IL17RA 229101_at,VEGFA 210512_s_at,0.9601337928880047
IL17RA 229101_at,KRT1 205900_at,0.9578965931001165
IL17RA 229101_at,JAK2 205841_at,0.9575348685646109
IL17RA 229101_at,TNFRSF11A 238846_at,0.9571036092792828
IL17RA 229101_at,VDR 213692_s_at,0.9534669929677531
IL17RA 229101_at,IL17RD 227997_at,0.951325248403213
IL17RB 219255_x_at,IL17RB 224156_x_at,0.9834663965281191
IL17RB 219255_x_at,IL17RB 224361_s_at,0.9590283696881011
IL17RB 224156_x_at,IL17RB 224361_s_at,0.971476892753523
IL17RC 224514_x_at,TYK2 205546_s_at,0.9601057790557008
IL17RC 224514_x_at,IL17RE 229401_at,0.9537390775083507
IL17RD 227997_at,MAP3K7 206853_s_at,0.9581163935191436
IL17RD 229263_at,TRAF3IP2 202987_at,0.9538345712234926
IL17RE 236186_x_at,MAP3K7 206854_s_at,-0.9522418104062659
IL18 206295_at,KLF4 221841_s_at,0.9735838538718574
IL18 206295_at,MAP3K7 206854_s_at,0.9651532559462458
IL18 206295_at,KLF4 220266_s_at,0.9608242714089307
IL18 206295_at,KRT10 210633_x_at,0.9599182383756606
IL18 206295_at,NFKBIA 231699_at,0.9593707183586276
IL18 206295_at,KRT1 205900_at,0.9568735251662476
IL18 206295_at,MAP3K7 211537_x_at,0.9550325203482547
IL18 206295_at,RELA 201783_s_at,0.9535138768125598
IL18 206295_at,STAT3 208991_at,0.9524042081918253
IL18 206295_at,NFKB1 209239_at,0.9522496734765153
IL18 206295_at,MAP3K7 211536_x_at,0.9502388362057305
IL18 206295_at,REL 206036_s_at,0.9501467531258161
IL1B 205067_at,IL1B 39402_at,0.9831680096534012
IL22RA1 220056_at,PRSS8 202525_at,0.9596270366640839
IL22RA1 220056_at,REL 235242_at,0.9593574204102585
IL22RA1 220056_at,NFKB1 209239_at,0.954914693909496
IL33 209821_at,REL 228812_at,0.9552594635575947
IL33 209821_at,NFKBIZ 223218_s_at,0.9524220279951293
IL33 209821_at,MAP3K7 206854_s_at,0.9504288502672199
IL36G 220322_at,IL36RN 222223_s_at,0.9814230783247119
IL36G 220322_at,SERPINB3 209719_x_at,0.9799533051685166
IL36G 220322_at,LCN2 212531_at,0.9753146141714532
IL36G 220322_at,SERPINB3 209720_s_at,0.9724135703052434
IL36G 220322_at,SPRR2B 208539_x_at,0.9702017950704096
IL36G 220322_at,PI3 41469_at,0.9633538850516913
IL36G 220322_at,S100A9 203535_at,0.9610381964278643
IL36G 220322_at,SERPINB4 211906_s_at,0.9585930565622375
IL36G 220322_at,PI3 203691_at,0.9584633762686814
IL36RN 222223_s_at,SPRR2B 208539_x_at,0.9818511876168207
IL36RN 222223_s_at,LCE3D 224328_s_at,0.9775338981466326
IL36RN 222223_s_at,SERPINB3 209719_x_at,0.9693456005241752
IL36RN 222223_s_at,IVL 214599_at,0.9664940081044667
IL36RN 222223_s_at,PI3 41469_at,0.961331103098975
IL36RN 222223_s_at,PI3 203691_at,0.9591829428035124
IL36RN 222223_s_at,S100A9 203535_at,0.9591030020030652
IL36RN 222223_s_at,KRT16 209800_at,0.9588749040784355
IL36RN 222223_s_at,LCN2 212531_at,0.9555875455894283
IRAK2 231779_at,MIR21 /// VMP1 224917_at,0.9577377699825329
IRAK2 231779_at,MIR21 /// VMP1 220990_s_at,0.9532103308430736
IRF1 202531_at,NFKB1 209239_at,0.9571548513478778
IRF1 202531_at,STAT1 200887_s_at,0.9516247935213019
ITGAX 1563003_at,RELA 201783_s_at,0.9518656029840749
IVL 214599_at,SPRR2B 208539_x_at,0.9693939175451016
IVL 214599_at,KRT6B 209126_x_at,0.9639962106218468
IVL 214599_at,KRT16 209800_at,0.9630474451099704
IVL 214599_at,SERPINB3 209719_x_at,0.9590128697387249
IVL 214599_at,LCE3D 224328_s_at,0.9580069790720929
JAK2 205841_at,MTHFR 239035_at,0.9641155326938823
JAK2 205841_at,MAP3K7 206853_s_at,0.9630594234022299
JAK2 205841_at,KRT10 213287_s_at,0.9625884139872811
JAK2 205841_at,KRT10 207023_x_at,0.9588639308520128
JAK2 205841_at,MYD88 209124_at,0.9574162038978444
JAK2 205841_at,VEGFA 210512_s_at,0.9571678441181816
JAK2 205841_at,KRT10 210633_x_at,0.9545024999036353
JAK2 205841_at,TNIP1 207196_s_at,0.9543434638465483
JAK2 205841_at,TAP2 225973_at,0.9531833623357889
JAK2 205841_at,STAT1 200887_s_at,0.951194711635812
JAK2 205841_at,TAP1 202307_s_at,0.9511750526035062
JAK2 205841_at,KRT14 209351_at,0.9501241291212141
JAK2 205842_s_at,REL 239486_at,0.9613539376806917
JUP /// KRT17 205157_s_at,JUP /// KRT17 212236_x_at,0.991070319213569
JUP /// KRT17 205157_s_at,KRT6B 213680_at,0.969613860771454
JUP /// KRT17 205157_s_at,KRT6B 209126_x_at,0.9538722034839503
JUP /// KRT17 212236_x_at,KRT6B 213680_at,0.9797288165673198
JUP /// KRT17 212236_x_at,VDR 204254_s_at,0.9642473355226718
JUP /// KRT17 212236_x_at,S100A7 205916_at,0.9614049498021974
JUP /// KRT17 212236_x_at,KRT1 205900_at,0.9602064118383389
JUP /// KRT17 212236_x_at,KRT10 207023_x_at,0.9571335235116172
JUP /// KRT17 212236_x_at,KRT14 209351_at,0.955646690746567
JUP /// KRT17 212236_x_at,REL 235242_at,0.9536252610095333
JUP /// KRT17 212236_x_at,NFKBIA 201502_s_at,0.951865592812399
JUP /// KRT17 212236_x_at,KRT10 210633_x_at,0.9506618132042816
JUP /// KRT17 212236_x_at,PRSS8 202525_at,0.9501189178014781
KLF4 220266_s_at,KLF4 221841_s_at,0.9711979527466196
KLF4 220266_s_at,KRT1 205900_at,0.9503044934370496
KLF4 220266_s_at,KRT10 210633_x_at,0.9501305278830251
KLF4 221841_s_at,KRT1 205900_at,0.9777825527631752
KLF4 221841_s_at,KRT10 210633_x_at,0.9760459935014197
KLF4 221841_s_at,RELA 201783_s_at,0.9729139508596727
KLF4 221841_s_at,STAT3 208991_at,0.9696840343508936
KLF4 221841_s_at,MAP3K7 206854_s_at,0.9660320294949843
KLF4 221841_s_at,KRT10 207023_x_at,0.9638876708377591
KLF4 221841_s_at,KRT10 213287_s_at,0.9632896624945143
KLF4 221841_s_at,MAP3K7 211537_x_at,0.9569205578319787
KLF4 221841_s_at,TNFAIP3 202644_s_at,0.9549787795943827
KLF4 221841_s_at,NFKBIZ 223218_s_at,0.9549607853386759
KLF4 221841_s_at,MAP3K7 211536_x_at,0.9518207736876371
KLF4 221841_s_at,RELA 209878_s_at,0.9500052939858801
KRT1 205900_at,KRT10 210633_x_at,0.9900951726823221
KRT1 205900_at,KRT10 207023_x_at,0.9884741011347014
KRT1 205900_at,KRT10 213287_s_at,0.983103389974082
KRT1 205900_at,KRT14 209351_at,0.9723397045932746
KRT1 205900_at,NFKBIA 201502_s_at,0.969784735399402
KRT1 205900_at,STAT3 208991_at,0.966834103046929
KRT1 205900_at,NFKB1 209239_at,0.9594528715064354
KRT1 205900_at,REL 235242_at,0.9575862254900852
KRT1 205900_at,RELA 201783_s_at,0.9566590372843268
KRT1 205900_at,MTHFR 239035_at,0.9555418679721618
KRT1 205900_at,MAP3K7 206854_s_at,0.9539931698514952
KRT1 205900_at,NFKBIZ 223218_s_at,0.9531566794011064
KRT1 205900_at,TNFAIP3 202644_s_at,0.9522447321991755
KRT10 207023_x_at,KRT10 213287_s_at,0.9975943739354284
KRT10 207023_x_at,KRT10 210633_x_at,0.9939395009112029
KRT10 207023_x_at,KRT14 209351_at,0.9891894082291546
KRT10 207023_x_at,NFKBIA 201502_s_at,0.971827450174964
KRT10 207023_x_at,MTHFR 239035_at,0.9701792915610564
KRT10 207023_x_at,VDR 204254_s_at,0.9674495146413375
KRT10 207023_x_at,VDR 204255_s_at,0.9631028301446982
KRT10 207023_x_at,MAP3K7 206853_s_at,0.9626380291332607
KRT10 207023_x_at,RELA 201783_s_at,0.9573576408736004
KRT10 207023_x_at,REL 235242_at,0.9564023699913983
KRT10 207023_x_at,TRAF6 205558_at,0.9551762797469666
KRT10 207023_x_at,NFKBIZ 223218_s_at,0.9512602156500073
KRT10 210633_x_at,KRT10 213287_s_at,0.992096591941699
KRT10 210633_x_at,KRT14 209351_at,0.9719177568160883
KRT10 210633_x_at,NFKBIA 201502_s_at,0.9705263442925383
KRT10 210633_x_at,MTHFR 239035_at,0.966833330553036
KRT10 210633_x_at,REL 235242_at,0.966639539102496
KRT10 210633_x_at,RELA 201783_s_at,0.9656565188920879
KRT10 210633_x_at,MAP3K7 206853_s_at,0.9599289024392961
KRT10 210633_x_at,NFKBIZ 223218_s_at,0.9590037511580681
KRT10 210633_x_at,MAP3K7 206854_s_at,0.9589991856839353
KRT10 210633_x_at,STAT3 208991_at,0.957754533056346
KRT10 210633_x_at,TRAF6 205558_at,0.9552318288692585
KRT10 210633_x_at,NFKB1 209239_at,0.9543010050190723
KRT10 210633_x_at,VDR 204254_s_at,0.9519339894331346
KRT10 210633_x_at,TNFAIP3 202644_s_at,0.9509508004374074
KRT10 210633_x_at,VDR 204255_s_at,0.9508498586882763
KRT10 213287_s_at,KRT14 209351_at,0.9865199890300601
KRT10 213287_s_at,MTHFR 239035_at,0.9755630385168669
KRT10 213287_s_at,MAP3K7 206853_s_at,0.9725702594968242
KRT10 213287_s_at,NFKBIA 201502_s_at,0.9680805487820872
KRT10 213287_s_at,VDR 204255_s_at,0.9664401715619877
KRT10 213287_s_at,RELA 201783_s_at,0.9648388140204723
KRT10 213287_s_at,VDR 204254_s_at,0.9645819661355586
KRT10 213287_s_at,TRAF6 205558_at,0.96181479159028
KRT10 213287_s_at,REL 235242_at,0.9590989648772448
KRT10 213287_s_at,NFKBIZ 223218_s_at,0.9581653916956925
KRT10 213287_s_at,VEGFA 210512_s_at,0.9574820896769348
KRT10 213287_s_at,TNIP1 207196_s_at,0.956589688944748
KRT10 213287_s_at,VDR 213692_s_at,0.9553564410378727
KRT10 213287_s_at,TNFAIP3 202644_s_at,0.952401232514748
KRT14 209351_at,VDR 204254_s_at,0.9788842352812702
KRT14 209351_at,MTHFR 239035_at,0.9719488613926416
KRT14 209351_at,NFKBIA 201502_s_at,0.9693364158171701
KRT14 209351_at,VDR 204255_s_at,0.9628946938090179
KRT14 209351_at,TAP1 202307_s_at,0.9542599669716052
KRT14 209351_at,TYK2 205546_s_at,0.9517219118193995
KRT16 209800_at,SERPINB3 209719_x_at,0.9725812322444811
KRT16 209800_at,S100A9 203535_at,0.9713187085427863
KRT16 209800_at,PI3 203691_at,0.9686923284070806
KRT16 209800_at,KRT6B 209126_x_at,0.9686760864146721
KRT16 209800_at,PI3 41469_at,0.9684702365741492
KRT16 209800_at,SPRR2B 208539_x_at,0.9665983997621982
KRT16 209800_at,KRT6A 209125_at,0.9620524535431173
KRT6A 209125_at,S100A8 214370_at,0.9724660814816635
KRT6A 209125_at,S100A8 202917_s_at,0.9703625688295509
KRT6A 209125_at,KRT6B 209126_x_at,0.9560491576088056
KRT6A 209125_at,MIR21 /// VMP1 220990_s_at,0.9542087650725519
KRT6A 209125_at,KRT6B 213680_at,0.9535010292091405
KRT6A 209125_at,S100A7 205916_at,0.9508419743769448
KRT6A 209125_at,S100A9 203535_at,0.9500062160064074
KRT6B 213680_at,S100A7 205916_at,0.9596410665060541
LCE3D 224328_s_at,SPRR2B 208539_x_at,0.9782051910937307
LCE3D 224328_s_at,SPRR2G 236119_s_at,0.9560267728827544
LCE3D 224328_s_at,PI3 41469_at,0.9528138110690823
LCE3D 224328_s_at,S100A9 203535_at,0.9522965601130594
LCE3D 224328_s_at,PI3 203691_at,0.9509283589626298
LCN2 212531_at,SERPINB4 211906_s_at,0.9744149485534985
LCN2 212531_at,SERPINB3 209719_x_at,0.9689730550203702
LCN2 212531_at,SERPINB3 209720_s_at,0.967032996084496
LYZ 213975_s_at,STAT1 200887_s_at,0.9673157931991503
LYZ 213975_s_at,STAT3 208991_at,0.9589673241812218
LYZ 213975_s_at,MIR21 /// VMP1 220990_s_at,0.9545731198810717
MAP3K7 206853_s_at,TNFRSF11A 238846_at,0.9741241897910842
MAP3K7 206853_s_at,RELA 201783_s_at,0.9679824279202678
MAP3K7 206853_s_at,VEGFA 210512_s_at,0.9644058595006691
MAP3K7 206853_s_at,MTHFR 239035_at,0.962228722891698
MAP3K7 206853_s_at,TRAF6 205558_at,0.9617094339036584
MAP3K7 206853_s_at,NFKBIZ 223218_s_at,0.9550968685490765
MAP3K7 206853_s_at,VDR 204255_s_at,0.9523189979264739
MAP3K7 206854_s_at,MAP3K7 211537_x_at,0.9885624598568343
MAP3K7 206854_s_at,NFKBIZ 223218_s_at,0.9858815557881448
MAP3K7 206854_s_at,MAP3K7 211536_x_at,0.9856970902897357
MAP3K7 206854_s_at,STAT3 208991_at,0.9761215242862128
MAP3K7 206854_s_at,RELA 201783_s_at,0.9720901922275452
MAP3K7 206854_s_at,REL 228812_at,0.9709699953530615
MAP3K7 206854_s_at,STAT3 225289_at,0.9704570469925041
MAP3K7 206854_s_at,MIR21 /// VMP1 220990_s_at,0.9648820364617698
MAP3K7 206854_s_at,REL 235242_at,0.9636753437981159
MAP3K7 206854_s_at,STAT1 200887_s_at,0.9631972637085578
MAP3K7 206854_s_at,NFKB1 209239_at,0.9609271114340745
MAP3K7 206854_s_at,TRAF3IP2 215411_s_at,0.9607590642798699
MAP3K7 206854_s_at,TNFRSF11A 238846_at,0.9550986908292902
MAP3K7 206854_s_at,REL 239486_at,0.9533734376863839
MAP3K7 206854_s_at,VEGFA 210512_s_at,0.9520164387168898
MAP3K7 206854_s_at,TNFRSF11B 204933_s_at,0.950006526689141
MAP3K7 211536_x_at,MAP3K7 211537_x_at,0.9952137569289066
MAP3K7 211536_x_at,NFKBIZ 223218_s_at,0.976508490613224
MAP3K7 211536_x_at,STAT3 208991_at,0.9586785301610664
MAP3K7 211536_x_at,REL 239486_at,0.9564446529661016
MAP3K7 211536_x_at,STAT3 225289_at,0.9561743534242293
MAP3K7 211536_x_at,RELA 201783_s_at,0.9556812808400156
MAP3K7 211536_x_at,REL 228812_at,0.9546182808061382
MAP3K7 211537_x_at,NFKBIZ 223218_s_at,0.9776791703229504
MAP3K7 211537_x_at,RELA 201783_s_at,0.9619474893580287
MAP3K7 211537_x_at,REL 239486_at,0.9609357257190401
MAP3K7 211537_x_at,STAT3 208991_at,0.9601524666646989
MAP3K7 211537_x_at,REL 228812_at,0.9579605593038478
MAP3K7 211537_x_at,STAT3 225289_at,0.9579476204744435
MAP3K7 211537_x_at,MIR21 /// VMP1 220990_s_at,0.952366516227099
MIR21 /// VMP1 220990_s_at,REL 228812_at,0.9812022997898331
MIR21 /// VMP1 220990_s_at,NFKBIZ 223218_s_at,0.9779992888192132
MIR21 /// VMP1 220990_s_at,STAT3 225289_at,0.976194540825398
MIR21 /// VMP1 220990_s_at,STAT1 200887_s_at,0.9735256875065184
MIR21 /// VMP1 220990_s_at,MIR21 /// VMP1 224917_at,0.9726907460033066
MIR21 /// VMP1 220990_s_at,MYD88 209124_at,0.9644216850863054
MIR21 /// VMP1 220990_s_at,TRAF3IP2 215411_s_at,0.9627169312298665
MIR21 /// VMP1 220990_s_at,STAT3 208991_at,0.9589674637882197
MIR21 /// VMP1 220990_s_at,REL 235242_at,0.9573517109383438
MIR21 /// VMP1 220990_s_at,SLPI 203021_at,0.9539058191973464
MTHFR 239035_at,TNIP1 207196_s_at,0.9679654019114184
MTHFR 239035_at,NFKBIA 201502_s_at,0.9673574232683866
MTHFR 239035_at,VDR 204254_s_at,0.9660954373961166
MTHFR 239035_at,TAP2 225973_at,0.9647548628091762
MTHFR 239035_at,TRAF6 205558_at,0.9629531454942734
MTHFR 239035_at,MYD88 209124_at,0.9626178207615328
MTHFR 239035_at,VDR 204255_s_at,0.9626093233101278
MTHFR 239035_at,TAP1 202307_s_at,0.9622333747189147
MTHFR 239035_at,TRAF3IP2 215411_s_at,0.9609328352340223
MTHFR 239035_at,TYK2 205546_s_at,0.9574741530527925
MTHFR 239035_at,VEGFA 210512_s_at,0.9571875680542541
MTHFR 239035_at,RELA 201783_s_at,0.9568389419107736
MTHFR 239035_at,VDR 213692_s_at,0.9557837018213007
MTHFR 239035_at,REL 235242_at,0.955441819498759
MTHFR 239035_at,NFKBIZ 223218_s_at,0.9550228985426041
MX1 202086_at,OAS1 202869_at,0.962682631558217
MX1 202086_at,STAT1 209969_s_at,0.9520158880885087
MYD88 209124_at,TAP2 225973_at,0.9754219189556111
MYD88 209124_at,STAT1 200887_s_at,0.9663726525675407
MYD88 209124_at,TRAF3IP2 215411_s_at,0.9595855576541605
MYD88 209124_at,REL 228812_at,0.9560973650148258
MYD88 209124_at,NFKBIZ 223218_s_at,0.9531842453758882
MYD88 209124_at,TAP1 202307_s_at,0.952984320400877
NFKB1 209239_at,STAT3 208991_at,0.9650214799880938
NFKB1 209239_at,TRAF3IP2 215411_s_at,0.9628979304496037
NFKB1 209239_at,REL 235242_at,0.9612359554672988
NFKB1 209239_at,NFKBIA 231699_at,0.9608015997106991
NFKB1 209239_at,STAT1 200887_s_at,0.9597539538171048
NFKB1 209239_at,STAT3 225289_at,0.9565519455288523
NFKB1 209239_at,NFKBIA 201502_s_at,0.9562793248878136
NFKBIA 201502_s_at,VDR 204254_s_at,0.9701990179205994
NFKBIA 201502_s_at,REL 235242_at,0.9602846787463001
NFKBIA 201502_s_at,TRAF6 205558_at,0.9508577158968222
NFKBIA 231699_at,RELA 209878_s_at,0.9594107552913076
NFKBIZ 223218_s_at,REL 228812_at,0.9776078790410139
NFKBIZ 223218_s_at,STAT3 225289_at,0.9686923232680373
NFKBIZ 223218_s_at,STAT1 200887_s_at,0.9685817859274769
NFKBIZ 223218_s_at,RELA 201783_s_at,0.9675400093416874
NFKBIZ 223218_s_at,VEGFA 210512_s_at,0.9671699300825858
NFKBIZ 223218_s_at,REL 235242_at,0.9646743315405173
NFKBIZ 223218_s_at,STAT3 208991_at,0.9643437809203863
NFKBIZ 223218_s_at,TRAF3IP2 215411_s_at,0.964301762237784
NFKBIZ 223218_s_at,TNFAIP3 202644_s_at,0.9512278960449321
NFKBIZ 223218_s_at,TNFRSF11A 238846_at,0.9500194522565552
NLRC5 226474_at,TYK2 205546_s_at,0.9759471020291021
NLRC5 226474_at,TAP1 202307_s_at,0.9681427727899259
PI3 203691_at,PI3 41469_at,0.9995318789092946
PI3 203691_at,S100A9 203535_at,0.9934269807528123
PI3 203691_at,SERPINB3 209719_x_at,0.9812829561732717
PI3 203691_at,SPRR2B 208539_x_at,0.9783356939610659
PI3 203691_at,SERPINB3 209720_s_at,0.9573934526556468
PI3 41469_at,S100A9 203535_at,0.993907769918323
PI3 41469_at,SERPINB3 209719_x_at,0.9823929245743372
PI3 41469_at,SPRR2B 208539_x_at,0.9792918445314187
PI3 41469_at,SERPINB3 209720_s_at,0.9620428415002533
PLEK 203471_s_at,TLR2 204924_at,0.9624718107490913
PRSS8 202525_at,SLPI 203021_at,0.9508718845508115
PTPN22 236539_at,TLR2 204924_at,0.9561786832176922
REL 206035_at,VEGFA 210513_s_at,0.9538176196820716
REL 228812_at,STAT1 200887_s_at,0.9697600403787164
REL 228812_at,REL 235242_at,0.969345580768894
REL 228812_at,STAT3 225289_at,0.9633818920196546
REL 228812_at,TRAF3IP2 215411_s_at,0.9548742557723497
REL 228812_at,STAT3 208991_at,0.9523604864056876
REL 228812_at,RELA 201783_s_at,0.950125099634798
REL 235242_at,STAT1 200887_s_at,0.9686646845858561
REL 235242_at,STAT3 208991_at,0.9581548712110083
REL 235242_at,TNIP1 207196_s_at,0.9570305562531493
REL 235242_at,STAT3 225289_at,0.9537982330090298
REL 235242_at,RELA 201783_s_at,0.9512923534006485
RELA 201783_s_at,TNFRSF11A 238846_at,0.9683670286791654
RELA 201783_s_at,TRAF6 205558_at,0.9650425795577475
RELA 201783_s_at,STAT3 208991_at,0.9645817674199216
RELA 201783_s_at,VEGFA 210512_s_at,0.9593554323999001
RELA 201783_s_at,TRAF3IP2 215411_s_at,0.956631358674086
RELA 201783_s_at,TNFAIP3 202644_s_at,0.9556361387109664
RELA 201783_s_at,TNIP1 207196_s_at,0.9508466211753335
RNASE7 234699_at,RNASE7 234700_s_at,0.956929817727889
S100A12 205863_at,VNN3 220528_at,0.9502910098241074
S100A7 205916_at,S100A8 202917_s_at,0.9782730673851046
S100A7 205916_at,S100A8 214370_at,0.9743679912413147
S100A8 202917_s_at,S100A8 214370_at,0.9992072420657311
S100A9 203535_at,SERPINB3 209719_x_at,0.9869941714423116
S100A9 203535_at,SPRR2B 208539_x_at,0.9754494900287412
S100A9 203535_at,SERPINB3 209720_s_at,0.9628700389820961
SERPINB3 209719_x_at,SERPINB3 209720_s_at,0.9814886565697252
SERPINB3 209719_x_at,SPRR2B 208539_x_at,0.9782629935101869
SERPINB3 209720_s_at,SERPINB4 211906_s_at,0.9600641313247398
SERPINB3 209720_s_at,SPRR2B 208539_x_at,0.9569440189329166
SLPI 203021_at,STAT1 200887_s_at,0.9599069414892133
SLPI 203021_at,TRAF3IP2 215411_s_at,0.9530453225337358
STAT1 200887_s_at,STAT3 225289_at,0.9676899872875897
STAT1 200887_s_at,TRAF3IP2 215411_s_at,0.9651022310680964
STAT1 200887_s_at,STAT3 208991_at,0.9640159715616282
STAT1 200887_s_at,TAP2 225973_at,0.9584164773298053
STAT1 AFFX-HUMISGF3A/M97935_3_at,STAT1 AFFX-HUMISGF3A/M97935_5_at,0.9942528490393684
STAT1 AFFX-HUMISGF3A/M97935_3_at,STAT1 AFFX-HUMISGF3A/M97935_MB_at,0.955436797666864
STAT1 AFFX-HUMISGF3A/M97935_5_at,STAT1 AFFX-HUMISGF3A/M97935_MB_at,0.965108954817264
STAT3 208991_at,STAT3 225289_at,0.9808181198608973
STAT3 208991_at,TRAF3IP2 215411_s_at,0.9529558145450614
STAT3 225289_at,TRAF3IP2 215411_s_at,0.9610110437291095
TAP1 202307_s_at,TAP2 225973_at,0.9692550820767368
TAP1 202307_s_at,VDR 204254_s_at,0.9579576914610767
TAP1 202307_s_at,TYK2 205546_s_at,0.9566964919267988
TLR4 224341_x_at,TLR4 232068_s_at,0.9811627759619737
TNFAIP3 202643_s_at,TNFAIP3 202644_s_at,0.9768432545126746
TNFRSF11A 238846_at,VEGFA 210512_s_at,0.9523867033838549
TNIP1 207196_s_at,VEGFA 210512_s_at,0.9632887071219043
TRAF3IP2 202987_at,TRAF6 205558_at,0.9520907084424732
TYK2 205546_s_at,VDR 204254_s_at,0.9554788746332005
VDR 204254_s_at,VDR 204255_s_at,0.9748737184668644
VDR 204254_s_at,VDR 213692_s_at,0.962333549287863
VDR 204255_s_at,VDR 213692_s_at,0.9899013431708965
VDR 204255_s_at,VEGFA 210512_s_at,0.9503847267019757
VEGFA 211527_x_at,VEGFA 212171_x_at,0.9585604573567297
